{
  "type": "itemTurret",
  "health": 1900,
  "coolantMultiplier": 1.6,
  "consumes": {
    "coolant": {
      "amount": 1.25
    }
  },
  "reload": 6.5,
  "ammoUseEffect": "casing3",
  "range": 300,
  "inaccuracy": 3,
  "recoil": 5,
  "shoot": {
    "type": "ShootAlternate",
    "barrels": 2,
    "spread": 14,
    "shots": 1
  },
  "shootShake": 2,
  "size": 5,
  "shootCone": 24,
  "shootSound": "shootBig",
  "ammoTypes": {
    "thorium": {
      "speed": 8,
      "height": 25,
      "width": 18,
      "lifetime": 37.5,
      "damage": 200,
      "pierce": "true",
      "frontColor": "F9A3C7FF",
      "backColor": "CB8EBFFF",
      "shootEffect": {
        "type": "multiEffect",
        "effects": [
          {
            "type": "ParticleEffect",
            "particles": 1,
            "length": 0,
            "lifetime": 10,
            "interp": "swingIn",
            "region": "exogenesis-spikething",
            "offsetX": 8,
            "sizeFrom": 15,
            "sizeTo": 1,
            "colorFrom": "F9A3C7FF",
            "colorTo": "CB8EBFFF"
          }
        ]
      },
      "despawnEffect": {
        "type": "multiEffect",
        "effects": [
          {
            "type": "WaveEffect",
            "lifetime": 25,
            "sizeFrom": 0,
            "sizeTo": 5,
            "strokeFrom": 3,
            "strokeTo": 0,
            "lightColor": "F9A3C7FF",
            "colorFrom": "F9A3C7FF",
            "colorTo": "CB8EBFFF"
          },
          {
            "type": "ParticleEffect",
            "line": true,
            "particles": 7,
            "lifetime": 35,
            "offset": 60,
            "interp": "circleOut",
            "length": 10,
            "cone": -360,
            "strokeFrom": 3,
            "strokeTo": 0,
            "sizeFrom": 24,
            "sizeTo": 24,
            "lightColor": "F9A3C7FF",
            "colorFrom": "F9A3C7FF",
            "colorTo": "CB8EBFFF"
          }
        ]
      },
      "hitEffect": {
        "type": "multiEffect",
        "effects": [
          {
            "type": "ParticleEffect",
            "line": true,
            "particles": 16,
            "lifetime": 75,
            "offset": 60,
            "interp": "circleOut",
            "length": 20,
            "cone": -360,
            "strokeTo": 0,
            "strokeFrom": 3,
            "sizeFrom": 24,
            "sizeTo": 24,
            "lightColor": "F9A3C7FF",
            "colorFrom": "F9A3C7FF",
            "colorTo": "CB8EBFFF"
          }
        ]
      }
    },
    "xytranite": {
      "speed": 8,
      "height": 25,
      "width": 18,
      "lifetime": 0,
      "damage": 0,
      "rangeChange": -100,
      "reloadMultiplier": 0.5,
      "frontColor": "000000FF",
      "backColor": "BF92F9FF",
      "shootEffect": {
        "type": "multiEffect",
        "effects": [
          {
            "type": "ParticleEffect",
            "particles": 1,
            "length": 0,
            "lifetime": 10,
            "interp": "swingIn",
            "region": "exogenesis-spikething",
            "offsetX": 8,
            "sizeFrom": 15,
            "sizeTo": 1,
            "colorFrom": "BF92F9FF",
            "colorTo": "BF92F900"
          }
        ]
      },
      "despawnEffect": "none",
      "hitEffect": {
        "type": "multiEffect",
        "effects": [
          {
            "type": "ParticleEffect",
            "line": true,
            "particles": 16,
            "lifetime": 75,
            "offset": 60,
            "interp": "circleOut",
            "length": 20,
            "cone": -360,
            "strokeTo": 0,
            "strokeFrom": 3,
            "sizeFrom": 24,
            "sizeTo": 24,
            "lightColor": "000000FF",
            "colorFrom": "BF92F900",
            "colorTo": "BF92F9FF"
          }
        ]
      },
      "fragBullets": 3,
      "fragVelocityMin": 1,
      "fragRandomSpread": 0,
      "fragSpread": 15,
      "fragBullet": {
        "type": "BasicBulletType",
        "frontColor": "000000FF",
        "backColor": "BF92F9FF",
        "height": 36,
        "width": 36,
        "splashDamage": 525,
        "splashDamageRadius": 48,
        "speed": 8,
        "lifetime": 25,
        "damage": 100,
        "shrinkY": 0.5,
        "despawnEffect": {
          "type": "multiEffect",
          "effects": [
            {
              "type": "WaveEffect",
              "lifetime": 45,
              "sizeFrom": 0,
              "sizeTo": 32,
              "strokeFrom": 3,
              "strokeTo": 0,
              "lightColor": "000000FF",
              "colorFrom": "BF92F900",
              "colorTo": "BF92F9FF"
            },
            {
              "type": "ParticleEffect",
              "line": true,
              "particles": 7,
              "lifetime": 125,
              "offset": 60,
              "interp": "circleOut",
              "length": 15,
              "cone": -360,
              "strokeFrom": 3,
              "strokeTo": 0,
              "sizeFrom": 24,
              "sizeTo": 24,
              "lightColor": "000000FF",
              "colorFrom": "BF92F900",
              "colorTo": "BF92F9FF"
            },
            {
              "type": "ParticleEffect",
              "lightOpacity": 0,
              "particles": 20,
              "length": 25,
              "lifetime": 40,
              "interp": "circleOut",
              "sizeInterp": "pow5In",
              "sizeFrom": 4,
              "sizeTo": 0,
              "colorFrom": "78649188",
              "colorTo": "67567D88"
            },
            {
              "type": "ParticleEffect",
              "lightOpacity": 0,
              "particles": 20,
              "length": 25,
              "lifetime": 30,
              "interp": "circleOut",
              "sizeInterp": "pow5In",
              "sizeFrom": 2.5,
              "sizeTo": 0,
              "colorFrom": "78649188",
              "colorTo": "67567D88"
            }
          ]
        },
        "hitEffect": {
          "type": "multiEffect",
          "effects": [
            {
              "type": "WaveEffect",
              "lifetime": 45,
              "sizeFrom": 0,
              "sizeTo": 32,
              "strokeFrom": 3,
              "strokeTo": 0,
              "lightColor": "000000FF",
              "colorFrom": "BF92F900",
              "colorTo": "BF92F9FF"
            },
            {
              "type": "ParticleEffect",
              "line": true,
              "particles": 7,
              "lifetime": 125,
              "offset": 60,
              "interp": "circleOut",
              "length": 15,
              "cone": -360,
              "strokeFrom": 3,
              "strokeTo": 0,
              "sizeFrom": 24,
              "sizeTo": 24,
              "lightColor": "000000FF",
              "colorFrom": "BF92F900",
              "colorTo": "BF92F9FF"
            },
            {
              "type": "ParticleEffect",
              "lightOpacity": 0,
              "particles": 20,
              "length": 25,
              "lifetime": 40,
              "interp": "circleOut",
              "sizeInterp": "pow5In",
              "sizeFrom": 4,
              "sizeTo": 0,
              "colorFrom": "78649188",
              "colorTo": "67567D88"
            },
            {
              "type": "ParticleEffect",
              "lightOpacity": 0,
              "particles": 20,
              "length": 25,
              "lifetime": 40,
              "interp": "circleOut",
              "sizeInterp": "pow5In",
              "sizeFrom": 2.5,
              "sizeTo": 0,
              "colorFrom": "78649188",
              "colorTo": "67567D88"
            }
          ]
        }
      }
    },
    "surge-alloy": {
      "status": "shocked",
      "statusDuration": "700",
      "speed": 8,
      "height": 25,
      "width": 18,
      "lifetime": 37.5,
      "damage": 180,
      "frontColor": "F3E979FF",
      "backColor": "D99F6BFF",
      "lightning": 6,
      "lightningDamage": 75,
      "lightningCone": 100,
      "lightningLengthRand": 8,
      "lightningLength": 4,
      "lightningColor": "F3E979FF",
      "collidesAir": true,
      "shootEffect": {
        "type": "multiEffect",
        "effects": [
          {
            "type": "ParticleEffect",
            "particles": 1,
            "length": 0,
            "lifetime": 10,
            "interp": "swingIn",
            "region": "exogenesis-spikething",
            "offsetX": 8,
            "sizeFrom": 15,
            "sizeTo": 1,
            "colorFrom": "F3E979FF",
            "colorTo": "D99F6BFF"
          }
        ]
      },
      "despawnEffect": {
        "type": "multiEffect",
        "effects": [
          {
            "type": "WaveEffect",
            "lifetime": 25,
            "sizeFrom": 0,
            "sizeTo": 5,
            "strokeFrom": 3,
            "strokeTo": 0,
            "lightColor": "F3E979FF",
            "colorFrom": "F3E979FF",
            "colorTo": "D99F6BFF"
          },
          {
            "type": "ParticleEffect",
            "line": true,
            "particles": 7,
            "lifetime": 35,
            "offset": 60,
            "interp": "circleOut",
            "length": 10,
            "cone": -360,
            "strokeFrom": 3,
            "strokeTo": 0,
            "sizeFrom": 24,
            "sizeTo": 24,
            "lightColor": "F3E979FF",
            "colorFrom": "F3E979FF",
            "colorTo": "D99F6BFF"
          }
        ]
      },
      "hitEffect": {
        "type": "multiEffect",
        "effects": [
          {
            "type": "ParticleEffect",
            "line": true,
            "particles": 16,
            "lifetime": 75,
            "offset": 60,
            "interp": "circleOut",
            "length": 20,
            "cone": -360,
            "strokeTo": 0,
            "strokeFrom": 3,
            "sizeFrom": 24,
            "sizeTo": 24,
            "lightColor": "F3E979FF",
            "colorFrom": "F3E979FF",
            "colorTo": "D99F6BFF"
          }
        ]
      }
    }
  },
  "requirements": [
    "thorium/350",
    "silicon/790",
    "jupiteium/470",
    "titanium/600",
    "surge-alloy/700"
  ],
  "category": "turret",
  "research": "spectre"
}
