{
  "type": "PowerTurret",
  "size": 4,
  "health": 480,
  "reload": 98,
  "range": 230,
  "shootLength": 3,
  "inaccuracy": 7,
  "shoot": {
    "type": "ShootPattern",
    "shotDelay": 4,
    "shots": 5
  },
  "targetAir": true,
  "targetGround": true,
  "shootCone": 30,
  "shootEffect": {
    "type": "ParticleEffect",
    "particles": 12,
    "length": 100,
    "lifetime": 15,
    "line": true,
    "cone": 40,
    "lenFrom": 12,
    "lenTo": 12,
    "strokeFrom": 3,
    "strokeTo": 0.5,
    "colorFrom": "BF92F9FF",
    "colorTo": "665C9Fff"
  },
  "recoilAmount": 4.5,
  "restitution": 0.04,
  "rotateSpeed": 3,
  "shootSound": "laser",
  "consumes": {
    "power": 24
  },
  "hasPower": true,
  "shootType": {
    "type": "basicBulletType",
    "sprite": "exogenesis-peircer",
    "status": "sapped",
    "damage": 300,
    "height": 22,
    "width": 17,
    "speed": 6,
    "lifetime": 60,
    "pierceBuilding": true,
    "hitEffect": {
      "type": "ParticleEffect",
      "particles": 6,
      "length": 70,
      "lifetime": 15,
      "line": true,
      "cone": 40,
      "lenFrom": 9,
      "lenTo": 9,
      "strokeFrom": 3,
      "strokeTo": 0.5,
      "colorFrom": "BF92F9FF",
      "colorTo": "665C9Fff"
    },
    "despawnEffect": {
      "type": "ParticleEffect",
      "particles": 6,
      "length": 70,
      "lifetime": 15,
      "line": true,
      "cone": 40,
      "lenFrom": 9,
      "lenTo": 9,
      "strokeFrom": 3,
      "strokeTo": 0.5,
      "colorFrom": "BF92F9FF",
      "colorTo": "665C9Fff"
    },
    "pierce": true,
    "trailParam": 5,
    "trailLength": 19,
    "trailWidth": 4.3,
    "trailColor": "BF92F9FF",
    "backColor": "BF92F9FF",
    "frontColor": "ffffff"
  },
  "requirements": [
    {
      "item": "copper",
      "amount": 400
    },
    {
      "item": "lead",
      "amount": 280
    },
    {
      "item": "titanium",
      "amount": 230
    },
    {
      "item": "xytranite",
      "amount": 260
    },
    {
      "item": "silicon",
      "amount": 265
    }
  ],
  "category": "turret",
  "research": "w-enforcer"
}
