{
  "type": "PowerTurret",
  "researchCostMultiplier": 0.1,
  "size": 2,
  "health": 180,
  "reload": 47,
  "range": 160,
  "targetAir": true,
  "targetGround": true,
  "recoilAmount": 1.5,
  "restitution": 0.04,
  "rotateSpeed": 8,
  "shootSound": "lasershoot",
  "shoot": {
    "firstShotDelay": 45
  },
  "consumes": {
    "power": 2
  },
  "powerUse": 2,
  "hasPower": true,
  "shootType": {
    "type": "BasicBulletType",
    "sprite": "exogenesis-armored-bullet",
    "absorbable": true,
    "chargeEffect": "lancerLaserCharge",
    "chargeBeginEffect": "lancerLaserChargeBegin",
    "speed": 6,
    "lifetime": 40,
    "damage": 78,
    "shrinkY": 0,
    "shrinkX": 0,
    "height": 20,
    "width": 13,
    "hitEffect": "hitLaser",
    "despawnEffect": "hitLaser",
    "pierce": true,
    "frontColor": "bbdefb",
    "backColor": "90caf9"
  },
  "requirements": [
    {
      "item": "copper",
      "amount": 100
    },
    {
      "item": "lead",
      "amount": 80
    },
    {
      "item": "graphite",
      "amount": 48
    },
    {
      "item": "silicon",
      "amount": 65
    }
  ],
  "category": "turret",
  "research": "arc"
}
