{
        "localizedName": "Comet",
        "type": "payload",
        "canHeal": true,
        "controller": "RepairAI",
	    "description": "[lime]The upgrade to the asteroid, it is able to pick up units and block and posses healing laser cannons along with a more power energy orb",
    "research": "asteroid",
        "lowAltitude": true,
        "speed": 1,
        "accel": 0.1,
        "drag": 0.1,
        "flying": true,
        "health": 1520,
        "hitSize": 29,
        "payloadCapacity": 884,
        "armor": 6,
        "mineSpeed": 2.8,
        "buildSpeed": 1.3,
        "mineTier": 2,
        "itemCapacity": 100,
        "engineOffset": 16,
        "engineSize": 4,
        "range": 150,
        "targetAir": true,
        "commandLimit": 8,
        "faceTarget": true,
	    "weapons": [
	   {
  "name": "heal-bolter",
    "shootCone": 15,
    "mirror": true,
    "alternate": true,
    "rotate": true,
    "rotateSpeed": 3,
    "x": 6.5,
    "y": 4.8,
    "reload": 25,
    "recoil": 0.5,
    "shootSound": "sap",
    "bullet": {
    "collidesTeam": true,
    "healPercent": 1,
    "shootEffect": "shootHeal",
    "hitEffect": "hitMeltHeal",
    "despawnEffect": "shootHeal",
    "type": "LaserBoltBulletType",
    "damage": 10,
    "speed": 6,
    "frontColor": "84F491FF",
    "backColor": "84F491FF",
    "lifetime": 35
    }
  },
  {
    "name": "nuba-weapon",
    "shootCone": 15,
    "alternate": true,
    "mirror": true,
    "rotate": true,
    "rotateSpeed": 2,
    "top": true,
    "x": 8,
    "y": -6.5,
    "reload": 30,
    "shootSound": "laser",
    "recoil": 1,
    "shots": 1, 
    "bullet": {
    "collidesTeam": true,
    "healPercent": 2,
    "type": "LaserBulletType",
    "length": 100,
    "width": 10,
    "damage": 60,
    "hitEffect": "hitMeltHeal",
    "shootEffect": "hitMeltHeal",
    "colors":["64CF8DFF", "84F491FF", "F2FFF3FF"],
    "sideAngle": 25,
    "sideLength": 0,
    "sideWidth": 0
    }
  },
  {
    "name": "comet-weapon",
    "shootCone": 15,
    "mirror": false,
    "top": true,
    "x": 0,
    "y": 0,
    "shootY": 0,
    "reload": 78,
    "firstShotDelay": 28,
    "recoil": 0.5,
    "shootSound": "laser",
    "bullet": {
    "shootEffect": {
	    "type": "MultiEffect",
	    "lifetime": 20,
	    "effects": [
	   {     
    "type": "ParticleEffect",
    "particles": 1,
    "sizeFrom": 1,
    "sizeTo": 8,
    "length": 0,
    "lifetime": 28,
    "colorFrom": "84F491FF",
    "colorTo": "F2FFF3FF",
    "cone": 360
    },
    {
    "type": "ParticleEffect",
    "line": true,
    "particles": 15,
    "lifetime": 23,
    "length": 35,
    "baseLength": -35,
    "cone": -360,
    "lenFrom": 10,
    "lenTo": 0,
    "colorFrom": "84F491FF",
    "colorTo": "F2FFF3FF"
    }
    ]
    },
    "keepVelocity": false,
    "collidesTeam": true,
    "healPercent": 8,
    "type": "basicBulletType",
    "sprite": "exogenesis-plasma",
    "damage": 45,
    "width": 13,
    "height": 13,
    "speed": 3.6,
	"frontColor": "84F491FF",
    "backColor": "F2FFF3FF",
    "trailChance": 1,
    "trailEffect": {
    "type": "ParticleEffect",
    "particles": 1,
    "length": 0,
    "lifetime": 18,
    "sizeFrom": 13,
    "region": "exogenesis-plasma-back",
    "colorFrom": "84F491FF",
    "colorTo": "64CF8DAA"
    },
    "lifetime": 75,
    "homingDelay": 5,
  	"homingPower": 0.00456,
	"homingRange": 80,
	"weaveScale": 5,			
	"weaveMag": 2,
	"splashDamageRadius": 20,
	"splashDamage": 20,
	"lightningColor": "84F491FF",
    "lightning": 4,
    "lightningDamage": 18,
    "lightningLength": 5,
    "lightningCone": 360,
    "lightningLengthRand": 8
    }

		}
     ],
    "abilities": [
        {
              "type": "mindustry.entities.abilities.RepairFieldAbility",
              "range": 80,
              "amount": 220,
              "reload": 88
        }
        ]
    
    
}
