{
        "localizedName": "Earth",
        "type": "payload",
        "canHeal": true,
	    "description": "[lime]A massive flying fortress that can pick up large payloads, and helps to build and defend, it is equipped with two healing gunners and nodens laser mounts, it can now shoot three small orb that will break apart in to mines, that will slow both air and ground units",
    "research": "moon",
        "ammoCapacity": 3500,
        "ammoResupplyAmount": 36,
        "buildBeamOffset": 43,
        "rotateSpeed": 1,
        "lowAltitude": true,
        "speed": 0.3,
        "accel": 0.1,
        "drag": 0.02,
        "flying": true,
        "health": 1000000,
        "hitSize": 98,
        "payloadCapacity": 16484,
        "armor": 30,
        "mineSpeed": 4.3,
        "buildSpeed": 7,
        "mineTier": 5,
        "itemCapacity": 1000,
        "engineOffset": 62,
        "engineSize": 7.8,
        "drawShields": false,
        "range": 300,
        "targetAir": true,
        "commandLimit": 10,
        "rotateShooting": false,
	    "weapons": [
	   {
    "name": "nodens-laser",
    "shootCone": 15,
    "alternate": true,
    "mirror": true,
    "rotate": true,
    "rotateSpeed": 2,
    "top": true,
    "y": 38,
    "x": 22,
    "reload": 35,
    "shootSound": "laser",
    "recoil": 1,
    "shootY": 13, 
    "bullet": {
    "collidesTeam": true,
    "healPercent": 20,
    "type": "LaserBulletType",
    "length": 200,
    "width": 25,
    "damage": 300,
    "hitEffect": "hitMeltHeal",
    "shootEffect": "hitMeltHeal",
    "colors":["64CF8DAA", "84F491FF", "F2FFF3FF"],
    "sideAngle": 90,
    "sideLength": 18,
    "sideWidth": 1
			 }
	      },
			{
    "name": "nodens-laser",
    "shootCone": 15,
    "alternate": true,
    "mirror": true,
    "rotate": true,
    "rotateSpeed": 2,
    "top": true,
	"y": 18,
    "x": 41,
    "reload": 35,
    "shootSound": "laser",
    "recoil": 1,
    "shootY": 13, 
    "bullet": {
    "collidesTeam": true,
    "healPercent": 20,
    "type": "LaserBulletType",
    "length": 200,
    "width": 25,
    "damage": 300,
    "hitEffect": "hitMeltHeal",
    "shootEffect": "hitMeltHeal",
    "colors":["64CF8DAA", "84F491FF", "F2FFF3FF"],
    "sideAngle": 90,
    "sideLength": 18,
    "sideWidth": 1
    }
  },
  {
   "name": "earth-meltdown-mount",
    "y": -15,
    "x": 50,
    "mirror": true,
    "alternate": false,
    "top": true,
    "shake": 0.5,
    "reload": 190,
    "recoil": 2,
    "rotate": true,
    "shootY": 9,
    "rotateSpeed": 2.9,
    "shootSound": "beam",
    "continuous": true,
    "cooldownTime": 190,
    "bullet": { 
    "type": "ContinuousLaserBulletType",
    "damage": 40,
    "length": 300,
    "width": 5,
    "hitEffect": "hitMeltHeal",
    "drawSize": 300,
    "lifetime": 280,
    "shake": 1,
    "despawnEffect": "smokeCloud",
    "smokeEffect": "smokeCloud",
    "colors":["64CF8DFF", "84F491FF", "F2FFF3FF"],
    "shootEffect": {
    "type": "WaveEffect",
    "lifetime": 20,
    "sizeFrom": 0,
    "sizeTo": 30,
    "strokeFrom": 0,
    "strokeTo": 2,
    "colorTo": "84F491FF",
    "colorFrom": "F2FFF3FF"
    }
    }
  },
  {
    "name": "earth-weapon",
    "shootCone": 30,
    "mirror": false,
    "top": true,
    "x": 0,
    "y": 0,
    "shootY": 0,
    "rotate": true,
    "rotateSpeed": 100,
    "inaccuracy": 10,
    "reload": 188,
    "shots": 15,
    "shotDelay": 5,
    "firstShotDelay": 38,
    "recoil": 0.5,
    "shootSound": "plasmaboom",
    "bullet": {
    "hitEffect": "hitMeltHeal",
    "despawnEffect": "healWave",
    "shootEffect": {
	    "type": "MultiEffect",
	    "lifetime": 38,
	    "effects": [
	   {     
    "type": "ParticleEffect",
    "particles": 1,
    "sizeFrom": 1,
    "sizeTo": 12,
    "length": 0,
    "lifetime": 38,
    "colorFrom": "84F491FF",
    "colorTo": "F2FFF3FF",
    "cone": 360
    },
    {
    "type": "ParticleEffect",
    "line": true,
    "offset": 10,
    "particles": 25,
    "lifetime": 33,
    "length": 55,
    "baseLength": -55,
    "cone": -360,
    "lenFrom": 24,
    "lenTo": 0,
    "colorFrom": "84F491FF",
    "colorTo": "F2FFF3FF"
    }
    ]
    },
    "keepVelocity": false,
    "collidesTeam": true,
    "healPercent": 50,
    "type": "basicBulletType",
    "sprite": "exogenesis-plasma",
    "damage": 120,
    "width": 10,
    "height": 10,
    "speed": 3.5,
	"frontColor": "84F491FF",
    "backColor": "F2FFF3FF",
    "trailChance": 1,
    "trailEffect": {
    "type": "ParticleEffect",
    "particles": 1,
    "length": 0,
    "lifetime": 25,
    "sizeFrom": 9,
    "region": "exogenesis-plasma-back",
    "colorFrom": "84F491FF",
    "colorTo": "64CF8DAA"
    },
    "lifetime": 200,
    "homingRange": 100,
    "homingDelay": 20,
    "homingPower": 0.0545,
	"weaveScale": 5,			
	"weaveMag": 3,
	"splashDamageRadius": 20,
	"splashDamage": 60,
	"lightningColor": "84F491FF",
    "lightning": 6,
    "lightningDamage": 58,
    "lightningLength": 5,
    "lightningCone": 360,
    "lightningLengthRand": 8
    }

		}
     ],
    "abilities": [
        {
    "type": "StatusFieldAbility",
    "activeEffect": {
      "type": "ParticleEffect",
      "lifetime": 25,
      "length": 0,
      "sizeFrom": 30,
      "sizeTo": 0,
      "particles": 1,
      "colorFrom": "84F491FF",
      "colorTo": "F2FFF3FF",
      "region": "particle"
    },
     "effect": {
      "name": "mother-earth",
      "localizedName": "Mother Earth",
      "speedMultiplier": 1.5,
      "healthMultiplier": 1.5,
      "damage": -5,
      "effect": {
      "type": "ParticleEffect",
      "lifetime": 25,
      "length": 0,
      "sizeFrom": 6,
      "sizeTo": 0,
      "particles": 2,
      "colorFrom": "F2FFF3FF",
      "colorTo": "84F491FF",
      "region": "exogenesis-heal"
    }
    },
    "range": 185,
    "reload": 1,
    "duration": 5
        },
        {
            "type": "mindustry.entities.abilities.ForceFieldAbility",
            "radius": 107,
            "regen": 20,
            "max": 100000,
            "cooldown": 350
 },
 {
              "type": "UnitSpawnAbility",
              "spawnX": -13.5,
              "spawnY": -46,
              "unit": "nova",
              "spawnTime": 890
  },
        {
              "type": "UnitSpawnAbility",
              "spawnX": 13.5,
              "spawnY": -46,
              "unit": "nova",
              "spawnTime": 890
 },
 {
              "type": "UnitSpawnAbility",
              "spawnX": -39.5,
              "spawnY": -35,
              "unit": "pulsar",
              "spawnTime": 1090
  },
        {
              "type": "UnitSpawnAbility",
              "spawnX": 39.5,
              "spawnY": -35,
              "unit": "pulsar",
              "spawnTime": 1090
        }
        ]
    
    
}
