{
        "localizedName": "Moon",
        "type": "payload",
        "canHeal": true,
        "controller": "BuilderAI",
	    "description": "[lime]A massive flying fortress that can pick up large payloads, and helps to build and defend, it is equipped with two healing gunners and nodens laser mounts, it can now shoot three small orb that will break apart in to mines, that will slow both air and ground units",
    "research": "planetoide",
        "ammoCapacity": 1500,
        "ammoResupplyAmount": 30,
        "buildBeamOffset": 43,
        "rotateSpeed": 1,
        "lowAltitude": true,
        "speed": 0.6,
        "accel": 0.1,
        "drag": 0.02,
        "flying": true,
        "health": 26320,
        "hitSize": 78,
        "payloadCapacity": 6484,
        "armor": 16,
        "mineSpeed": 4.3,
        "buildSpeed": 6,
        "mineTier": 5,
        "itemCapacity": 360,
        "engineOffset": 42,
        "engineSize": 7.8,
        "drawShields": false,
        "range": 220,
        "targetAir": true,
        "commandLimit": 8,
        "rotateShooting": false,
	    "weapons": [
	   {
    "name": "nuba-gunner",
    "shootCone": 15,
    "mirror": true,
    "alternate": true,
    "rotate": true,
    "rotateSpeed": 3,
    "shotDelay": 4,
    "shots": 3,
    "inaccuracy": 4,
    "x": 28,
    "y": 6.5,
    "reload": 30,
    "recoil": 1.5,
    "shootSound": "lasershoot",
    "bullet": {
    "width": 5,
    "height": 16,
    "collidesTeam": true,
    "healPercent": 5,
    "lightning": 2,
    "lightningColor": "84F491FF",
    "lightningLength": 9,
    "lightningDamage": 10,
    "shootEffect": "shootHeal",
    "hitEffect": "hitMeltHeal",
    "despawnEffect": "shootHeal",
    "type": "basicBulletType",
    "damage": 30,
    "speed": 6,
    "frontColor": "84F491FF",
    "backColor": "84F491FF",
    "lifetime": 55
    }
  },
  {
    "name": "nodens-laser",
    "shootCone": 15,
    "alternate": true,
    "mirror": true,
    "rotate": true,
    "rotateSpeed": 2,
    "top": true,
    "x": 23,
    "y": -26.5,
    "reload": 35,
    "shootSound": "laser",
    "recoil": 1,
    "shootY": 13, 
    "bullet": {
    "collidesTeam": true,
    "healPercent": 10,
    "type": "LaserBulletType",
    "length": 200,
    "width": 18,
    "damage": 180,
    "hitEffect": "hitMeltHeal",
    "shootEffect": "hitMeltHeal",
    "colors":["64CF8DFF", "84F491FF", "F2FFF3FF"],
    "sideAngle": 25,
    "sideLength": 8,
    "sideWidth": 1
    }
  },
  {
    "name": "moon-weapon",
    "shootCone": 15,
    "mirror": false,
    "top": true,
    "x": 0,
    "y": 0,
    "shootY": 0,
    "rotate": true,
    "rotateSpeed": 100,
    "inaccuracy": 6,
    "reload": 128,
    "shots": 3,
    "firstShotDelay": 38,
    "recoil": 0.5,
    "shootSound": "plasmaboom",
    "bullet": {
    "hitEffect": "healWave",
    "despawnEffect": "healWave",
    "shootEffect": {
	    "type": "MultiEffect",
	    "lifetime": 38,
	    "effects": [
	   {     
    "type": "ParticleEffect",
    "particles": 1,
    "sizeFrom": 1,
    "sizeTo": 12,
    "length": 0,
    "lifetime": 38,
    "colorFrom": "84F491FF",
    "colorTo": "F2FFF3FF",
    "cone": 360
    },
    {
    "type": "ParticleEffect",
    "line": true,
    "particles": 25,
    "lifetime": 33,
    "length": 45,
    "baseLength": -45,
    "cone": -360,
    "lenFrom": 24,
    "lenTo": 0,
    "colorFrom": "84F491FF",
    "colorTo": "F2FFF3FF"
    }
    ]
    },
    "keepVelocity": false,
    "collidesTeam": true,
    "healPercent": 25,
    "type": "basicBulletType",
    "sprite": "exogenesis-plasma",
    "damage": 125,
    "width": 13,
    "height": 13,
    "speed": 3.5,
	"frontColor": "84F491FF",
    "backColor": "F2FFF3FF",
    "trailChance": 1,
    "trailEffect": {
    "type": "ParticleEffect",
    "particles": 1,
    "length": 0,
    "lifetime": 20,
    "sizeFrom": 13,
    "region": "exogenesis-plasma-back",
    "colorFrom": "84F491FF",
    "colorTo": "64CF8DAA"
    },
    "lifetime": 115,
    "homingRange": 100,
    "homingDelay": 20,
    "homingPower": 0.0545,
	"weaveScale": 5,			
	"weaveMag": 3,
	"splashDamageRadius": 20,
	"splashDamage": 50,
	"lightningColor": "84F491FF",
    "lightning": 6,
    "lightningDamage": 28,
    "lightningLength": 5,
    "lightningCone": 360,
    "lightningLengthRand": 8,
            "fragBullets": 2,
            "fragBullet": {
                "type": "FlakBulletType",
                "explodeRange" : 15,
                "collidesGround" : true,
                "collidesAir" : true,
                "damage": 0,
                "splashDamage": 30,
                "splashDamageRadius": 60,
                "sprite" : "testers-mine",
                "status": "slow",
	            "frontColor": "84F491FF",
                "backColor": "F2FFF3FF",
                "spin": 0.2,
                "height": 10,
                "width": 10,
                "lifetime": 1500,
                "shrinkX": 0.2,
                "shrinkY": 0.2,
                "speed": 3,
                "drag" : 0.04
            }
    }

		}
     ],
    "abilities": [
        {
              "type": "mindustry.entities.abilities.RepairFieldAbility",
              "range": 100,
              "amount": 900,
              "reload": 198
        },
        {
            "type": "mindustry.entities.abilities.ForceFieldAbility",
            "radius": 67,
            "regen": 7,
            "max": 3500,
            "cooldown": 250
        }
        ]
    
    
}
