{
  "type": "ItemTurret",
  "researchCostMultiplier": 0.2,
  "description": "[grey]A rapidly firing gunner turret",
  "localizedName": "Abyss",
  "size": 3,
  "health": 240,
  "reloadTime": 5,
  "range": 140,
  "maxAmmo": 48,
  "inaccuracy": 5,
  "shots": 1,
  "alternate": true,
  "spread": 4,
  "targetAir": true,
  "targetGround": true,
  "shootCone": 0.08,
  "xRand": 3,
  "recoilAmount": 0.7,
  "restitution": 0.06,
  "rotateSpeed": 2.5,
  "shootSound": "shoot",
  "ammoTypes": {
    "copper": {
      "type": "BasicBulletType",
      "speed": 4,
      "lifetime": 50,
      "damage": 8,
      "knockback": 0.4,
      "height": 10,
      "width": 10,
      "shootEffect": "shootBig2",
      "hitEffect": "blastExplosion",
      "pierce": false,
      "smokeEffect": "hitBulletBig"
    },
    "graphite": {
      "type": "BasicBulletType",
      "speed": 3,
      "damage": 14,
      "lifetime": 50,
      "height": 10,
      "width": 10,
      "knockback": 0.8,
      "shootEffect": "shootBig2",
      "hitEffect": "blastExplosion",
      "pierce": true,
      "smokeEffect": "hitBulletBig",
      "frontColor": "95ABD9FF",
      "backColor": "6B77A1FF"
    },
    "pyratite": {
      "type": "BasicBulletType",
      "speed": 4,
      "damage": 24,
      "knockback": 0.4,
      "lifetime": 50,
      "height": 10,
      "width": 10,
      "shootEffect": "shootBig2",
      "frontColor": "FEB380",
      "backColor": "EA8878",
      "splashDamage": 12,
      "splashDamageRadius": 18,
      "hitEffect": "blastExplosion",
      "pierce": false,
      "smokeEffect": "hitBulletBig"
    }
  },
  "requirements": [
    "copper/200",
    "lead/270",
    "graphite/300"
  ],
  "category": "turret",
  "research": "b-shade"
}