{
  "type": "ItemTurret",
  "description": "[grey]Fires three bullets in a row and each ammo does something different",
  "localizedName": "Beyond",
  "size": 4,
  "health": 280,
  "reloadTime": 35,
  "range": 200,
  "inaccuracy": 5,
  "shots": 3,
  "burstSpacing": 4,
  "targetAir": true,
  "targetGround": true,
  "shootCone": 0.08,
  "recoilAmount": 1.5,
  "restitution": 0.06,
  "rotateSpeed": 2,
  "shootSound": "shootBig",
  "ammoTypes": {
    "titanium": {
      "type": "BasicBulletType",
      "speed": 5,
      "lifetime": 60,
      "damage": 40,
      "status": "freezing",
      "statusDuration": 100,
      "shootEffect": "shootBig",
      "knockback": 0.8,
      "height": 29,
      "width": 18,
      "frontColor": "79F2EEFF",
      "backColor": "74C2E8FF",
      "despawnEffect": "sparkShoot",
      "hitEffect": "sparkShoot",
      "pierce": false,
      "smokeEffect": "none"
    },
    "thorium": {
      "type": "BasicBulletType",
      "speed": 5,
      "damage": 60,
      "lifetime": 60,
      "height": 29,
      "width": 18,
      "knockback": 2.4,
      "frontColor": "F9A3C7FF",
      "backColor": "CB8EBFFF",
      "shootEffect": "shootBig",
      "despawnEffect": "flakExplosion",
      "hitEffect": "flakExplosion",
      "pierce": true,
      "smokeEffect": "none"
    },
    "epsilon-black": {
      "type": "BasicBulletType",
      "speed": 5,
      "damage": 84,
      "knockback": 0.8,
      "lifetime": 60,
      "height": 29,
      "width": 18,
      "frontColor": "FFFFFFFF",
      "backColor": "202328FF",
      "splashDamage": 28,
      "shootEffect": "shootBig",
      "splashDamageRadius": 18,
      "hitEffect": {
        "type": "WaveEffect",
        "lifetime": 25,
        "sizeFrom": 0,
        "sizeTo": 25,
        "strokeFrom": 4,
        "strokeTo": 0,
        "colorFrom": "202328FF",
        "colorTo": "FFFFFFFF"
      },
      "despawnEffect": {
        "type": "WaveEffect",
        "lifetime": 25,
        "sizeFrom": 0,
        "sizeTo": 25,
        "strokeFrom": 4,
        "strokeTo": 0,
        "colorFrom": "202328FF",
        "colorTo": "FFFFFFFF"
      },
      "pierce": false,
      "smokeEffect": "hitBulletBig",
      "fragBullets": 4,
      "fragCone": 360,
      "fragBullet": {
        "type": "ShrapnelBulletType",
        "serrations": 1,
        "splashDamageRadius": 14,
        "length": 52,
        "width": 10,
        "fromColor": "FFFFFFFF",
        "toColor": "202328FF",
        "damage": 10
      }
    }
  },
  "requirements": [
    "thorium/400",
    "surge-alloy/370",
    "epsilon-black/100",
    "titanium/400",
    "silicon/270",
    "graphite/600"
  ],
  "category": "turret",
  "research": "b-abyss"
}