{
  "type": "ItemTurret",
  "localizedName": "Desolation",
  "details": "When the world is cold and dark and the last star had vanished, you will be all thats left",
  "description": "[grey]A large super weapon used by the vyrthians to kill a otherworldly god. Uses the unnatural powers of epsilonium to annihilate enemies from large distances away. Consumes large amounts of power and coolant",
  "size": 12,
  "health": 8789000,
  "range": 900,
  "shots": 1,
  "hasLiquids": true,
  "liquidCapacity": 1000,
  "reloadTime": 650,
  "inaccuracy": 0,
  "targetAir": true,
  "targetGround": true,
  "shootCone": 45,
  "spread": 8,
  "rotateSpeed": 1,
  "recoilAmount": 7,
  "shootShake": 10,
  "restitution": 0.05,
  "shootSound": "desolationshoot",
  "ammoTypes": {
    "epsilon-black": {
      "type": "PointBulletType",
      "damage": 36190,
      "hitSound": "desolationimpact",
      "hitShake": 10,
      "trailEffect": {
        "type": "ParticleEffect",
        "particles": 1,
        "length": 0,
        "lifetime": 35,
        "sizeFrom": 1,
        "region": "exogenesis-wide",
        "colorFrom": "FFFFFFFF",
        "colorTo": "202328FF"
      },
      "status": {
        "name": "desolation",
        "localizedName": "Desolation",
        "description": "Cold.. dark and lonely",
        "healthMultiplier": 0.5,
        "damageMultiplier": 0.3,
        "speedMultiplier": 0.6,
        "effectChance": 0.5,
        "damage": 0.8,
        "transitionDamage": 4,
        "affinities": [
          "slow",
          "unmoving",
          "blasted",
          "sapped"
        ],
        "effect": {
          "type": "ParticleEffect",
          "particles": 1,
          "sizeFrom": 1,
          "sizeTo": 5,
          "length": 0,
          "region": "exogenesis-star",
          "lifetime": 6,
          "colorFrom": "FFFFFFFF",
          "colorTo": "202328FF",
          "cone": 360
        }
      },
      "pierce": true,
      "speed": 900,
      "trailSpacing": 50,
      "collidesTiles": true,
      "buildingDamageMultiplier": 1,
      "trailColor": "90caf9",
      "smokeEffect": {
        "type": "MultiEffect",
        "effects": [
          {
            "type": "ParticleEffect",
            "particles": 1,
            "sizeFrom": 1,
            "sizeTo": 12,
            "length": 0,
            "lifetime": 25,
            "colorFrom": "FFFFFFFF",
            "colorTo": "202328FF",
            "cone": 360
          },
          {
            "type": "ParticleEffect",
            "particles": 1,
            "sizeFrom": 1,
            "sizeTo": 55,
            "length": 0,
            "region": "exogenesis-tall",
            "lifetime": 25,
            "colorFrom": "FFFFFFFF",
            "colorTo": "202328FF",
            "cone": 360
          },
          {
            "type": "ParticleEffect",
            "particles": 1,
            "sizeFrom": 1,
            "sizeTo": 55,
            "length": 0,
            "region": "exogenesis-wide",
            "lifetime": 25,
            "colorFrom": "FFFFFFFF",
            "colorTo": "202328FF",
            "cone": 360
          },
          {
            "type": "WaveEffect",
            "lifetime": 20,
            "sizeFrom": 0,
            "sizeTo": 85,
            "sides": 5,
            "strokeFrom": 4,
            "strokeTo": 0,
            "colorFrom": "FFFFFFFF",
            "colorTo": "202328FF"
          },
          {
            "type": "WaveEffect",
            "lifetime": 20,
            "sizeFrom": 0,
            "sides": 5,
            "rotation": 45,
            "sizeTo": 85,
            "strokeFrom": 4,
            "strokeTo": 0,
            "colorFrom": "FFFFFFFF",
            "colorTo": "202328FF"
          }
        ]
      },
      "shootEffect": {
        "type": "MultiEffect",
        "effects": [
          {
            "type": "ParticleEffect",
            "particles": 1,
            "length": 0,
            "sizeFrom": 50,
            "lifetime": 35,
            "colorFrom": "FFFFFFFF",
            "colorTo": "202328FF",
            "region": "exogenesis-star"
          },
          {
            "type": "WaveEffect",
            "lifetime": 50,
            "sides": 8,
            "sizeTo": 80,
            "sizeFrom": 80,
            "colorFrom": "FFFFFFFF",
            "colorTo": "202328FF",
            "strokeFrom": 6,
            "strokeTo": 0
          }
        ]
      },
      "despawnEffect": {
        "type": "WaveEffect",
        "lifetime": 35,
        "sizeFrom": 0,
        "sizeTo": 45,
        "strokeFrom": 4,
        "strokeTo": 0,
        "colorFrom": "FFFFFFFF",
        "colorTo": "202328FF"
      },
      "hitEffect": {
        "type": "MultiEffect",
        "effects": [
          {
            "type": "ParticleEffect",
            "particles": 1,
            "length": 0,
            "sizeFrom": 160,
            "lifetime": 35,
            "colorFrom": "202328FF",
            "colorTo": "FFFFFFFF",
            "region": "exogenesis-star"
          },
          {
            "type": "ParticleEffect",
            "particles": 1,
            "sizeFrom": 1,
            "sizeTo": 70,
            "length": 0,
            "region": "exogenesis-tall",
            "lifetime": 37,
            "colorFrom": "202328FF",
            "colorTo": "FFFFFFFF",
            "cone": 360
          },
          {
            "type": "ParticleEffect",
            "particles": 1,
            "sizeFrom": 1,
            "sizeTo": 70,
            "length": 0,
            "region": "exogenesis-wide",
            "lifetime": 37,
            "colorFrom": "202328FF",
            "colorTo": "FFFFFFFF",
            "cone": 360
          },
          {
            "type": "ParticleEffect",
            "line": true,
            "particles": 25,
            "offset": 30,
            "lifetime": 15,
            "length": -85,
            "baseLength": 85,
            "cone": 360,
            "lenFrom": 26,
            "lenTo": 0,
            "colorFrom": "202328FF",
            "colorTo": "FFFFFFFF"
          },
          {
            "type": "WaveEffect",
            "lifetime": 10,
            "sizeFrom": 0,
            "sizeTo": 95,
            "strokeFrom": 4,
            "strokeTo": 0,
            "colorFrom": "202328FF",
            "colorTo": "FFFFFFFF"
          }
        ]
      },
      "fragBullets": 8,
      "fragCone": 360,
      "fragAngle": 45,
      "fragBullet": {
        "type": "ShrapnelBulletType",
        "serrations": 1,
        "splashDamageRadius": 34,
        "length": 10,
        "width": 15,
        "fromColor": "FFFFFFFF",
        "toColor": "202328FF",
        "damage": 200
      }
    }
  },
  "consumes": {
    "power": 120
  },
  "requirements": [
    "jupiteium/600",
    "epsilon-black/2400",
    "osmium/800",
    "phase-fabric/800",
    "surge-alloy/770",
    "titanium/1200",
    "silicon/1670",
    "plastanium/900"
  ],
  "category": "turret",
  "research": "b-beyond"
}