{
  "localizedName": "Dread",
  "type": "itemTurret",
  "details": "Induce dread in your enemies",
  "description": "[grey]A large alpha class turret capable of shooting large and powerful bullets",
  "health": 1900,
  "rotateSpeed": 1,
  "coolantMultiplier": 1.0,
  "reloadTime": 7,
  "restitution": 0.1,
  "ammoUseEffect": "casing3",
  "range": 450,
  "inaccuracy": 0,
  "recoilAmount": 4,
  "spread": 24,
  "alternate": true,
  "shootShake": 5,
  "shots": 2,
  "size": 8,
  "shootCone": 24,
  "shootSound": "shootBig",
  "ammoTypes": {
    "thorium": {
      "speed": 7,
      "height": 39,
      "width": 20,
      "pierce": "true",
      "lifetime": 70,
      "damage": 400,
      "knockback": 2.0,
      "hitSize": 21,
      "frontColor": "C28590FF",
      "backColor": "A16570FF",
      "status": "slow",
      "smokeEffect": {
        "type": "ParticleEffect",
        "particles": 10,
        "offset": 11,
        "sizeFrom": 5,
        "sizeTo": 0,
        "length": 170,
        "lifetime": 28,
        "colorFrom": "565656FF",
        "colorTo": "C28590FF",
        "cone": 15
      },
      "shootEffect": "none",
      "hitEffect": "blastExplosion",
      "fragBullets": 4,
      "fragVelocityMin": 4,
      "fragCone": 30,
      "fragLifeMin": 1,
      "fragBullet": {
        "type": "BasicBulletType",
        "status": "slow",
        "frontColor": "C28590FF",
        "backColor": "A16570FF",
        "height": 12,
        "width": 12,
        "lifetime": 20,
        "damage": 10,
        "pierce": true,
        "pierceBuilding": true,
        "splashDamage": 30,
        "splashDamageRadius": 40,
        "hitEffect": "flakExplosion"
      }
    },
    "surge-alloy": {
      "statusDuration": "300",
      "lightning": 5,
      "lightningDamage": 35,
      "lightningLength": 12,
      "lightningCone": 360,
      "lightningLengthRand": 18,
      "smokeEffect": {
        "type": "ParticleEffect",
        "particles": 10,
        "offset": 11,
        "sizeTo": 0,
        "length": 170,
        "lifetime": 28,
        "colorFrom": "565656FF",
        "colorTo": "F3E979FF",
        "cone": 15
      },
      "speed": 7,
      "height": 39,
      "width": 20,
      "lifetime": 70,
      "damage": 647,
      "knockback": 1.8,
      "hitSize": 21,
      "frontColor": "F3E979FF",
      "backColor": "ECD36FFF",
      "shootEffect": "shootBig",
      "hitEffect": "blastExplosion",
      "status": {
        "name": "surge-charged",
        "localizedName": "Surge Charged",
        "description": "Too much power surges through you",
        "reloadMultiplier": 0.6,
        "speedMultiplier": 0.6,
        "effectChance": 0.5,
        "damage": 0.7,
        "transitionDamage": 1,
        "affinities": [
          "wet",
          "shocked"
        ],
        "effect": "absorb"
      }
    },
    "epsilon-black": {
      "type": "BasicBulletType",
      "speed": 7,
      "damage": 864,
      "knockback": 1.9,
      "hitSize": 21,
      "lifetime": 70,
      "height": 39,
      "width": 20,
      "frontColor": "FFFFFFFF",
      "backColor": "202328FF",
      "splashDamage": 48,
      "shootEffect": "shootBig",
      "splashDamageRadius": 23,
      "statusDuration": 100,
      "hitEffect": {
        "type": "WaveEffect",
        "lifetime": 25,
        "sizeFrom": 0,
        "sides": 8,
        "sizeTo": 35,
        "strokeFrom": 4,
        "strokeTo": 0,
        "colorFrom": "202328FF",
        "colorTo": "FFFFFFFF"
      },
      "despawnEffect": {
        "type": "WaveEffect",
        "lifetime": 25,
        "sizeFrom": 0,
        "sides": 8,
        "sizeTo": 35,
        "strokeFrom": 4,
        "strokeTo": 0,
        "colorFrom": "202328FF",
        "colorTo": "FFFFFFFF"
      },
      "pierce": false,
      "smokeEffect": {
        "type": "ParticleEffect",
        "particles": 10,
        "offset": 11,
        "sizeFrom": 5,
        "sizeTo": 0,
        "length": 170,
        "lifetime": 28,
        "colorFrom": "202328FF",
        "colorTo": "FFFFFF",
        "cone": 15
      },
      "status": {
        "name": "soul-blasted",
        "localizedName": "Soul Blasted",
        "description": "your soul has been blasted",
        "reloadMultiplier": 0.8,
        "healthMultiplier": 0.8,
        "speedMultiplier": 0.8,
        "effectChance": 0.7,
        "transitionDamage": 3,
        "affinities": [
          "slow",
          "freezing",
          "blasted"
        ],
        "effect": {
          "type": "WaveEffect",
          "lifetime": 15,
          "sizeFrom": 0,
          "sides": 8,
          "sizeTo": 5,
          "strokeFrom": 4,
          "strokeTo": 0,
          "colorFrom": "202328FF",
          "colorTo": "FFFFFFFF"
        }
      },
      "fragBullets": 6,
      "fragCone": 360,
      "fragBullet": {
        "type": "ShrapnelBulletType",
        "serrations": 1,
        "splashDamageRadius": 23,
        "length": 72,
        "width": 15,
        "fromColor": "FFFFFFFF",
        "toColor": "202328FF",
        "damage": 120
      }
    }
  },
  "requirements": [
    "thorium/480",
    "epsilon-black/600",
    "osmium/500",
    "surge-alloy/870",
    "titanium/900",
    "silicon/1000",
    "plastanium/680"
  ],
  "category": "turret",
  "research": "b-demise"
}