{
  "type": "ItemTurret",
  "localizedName": "Shade",
  "researchCostMultiplier": 0.2,
  "description": "[grey]A small but powerful artillery turret that shoots frag bullets",
  "health": 200,
  "size": 2,
  "reloadTime": 50,
  "range": 270,
  "targetGround": "true",
  "targetAir": "false",
  "recoilAmount": 1,
  "shootShake": 1,
  "shootEffect": "shootBig",
  "ammoUseEffect": "casing2",
  "inaccuracy": 0,
  "shootCone": 5,
  "rotateSpeed": 2.5,
  "shootSound": "boom",
  "ammoTypes": {
    "graphite": {
      "type": "ArtilleryBulletType",
      "collidesGround": true,
      "collidesTiles": true,
      "damage": 20,
      "speed": 4,
      "knockback": 0.8,
      "lifetime": 60,
      "splashDamage": 40,
      "splashDamageRadius": 38,
      "height": 15,
      "width": 15,
      "trailChance": 0.8,
      "trailColor": "8A73C6FF",
      "frontColor": "BF92F9FF",
      "backColor": "8A73C6FF",
      "hitEffect": "explosion",
      "shootEffect": "shootBig",
      "smokeEffect": "shootBigSmoke2",
      "fragBullets": 3,
      "fragBullet": {
        "type": "BasicBulletType",
        "collidesGround": true,
        "collidesAir": false,
        "damage": 8,
        "splashDamage": 6,
        "splashDamageRadius": 11,
        "frontColor": "BF92F9FF",
        "backColor": "8A73C6FF",
        "height": 10,
        "width": 10,
        "lifetime": 25,
        "speed": 3
      },
      "collides": true,
      "collidesAir": true,
      "buildingDamageMultiplier": 1.0
    },
    "blast-compound": {
      "type": "ArtilleryBulletType",
      "status": "blasted",
      "collidesTiles": true,
      "collidesGround": true,
      "damage": 35,
      "speed": 4,
      "lifetime": 60,
      "splashDamage": 56,
      "splashDamageRadius": 58,
      "knockback": 1,
      "height": 15,
      "width": 15,
      "trailChance": 0.8,
      "trailColor": "C85C51FF",
      "frontColor": "E66F57FF",
      "backColor": "C85C51FF",
      "hitEffect": "blastExplosion",
      "shootEffect": "shootBig",
      "smokeEffect": "shootBigSmoke2",
      "fragBullets": 4,
      "fragBullet": {
        "type": "BasicBulletType",
        "status": "blasted",
        "collidesGround": true,
        "collidesAir": false,
        "damage": 18,
        "splashDamage": 20,
        "splashDamageRadius": 11,
        "frontColor": "E66F57FF",
        "backColor": "C85C51FF",
        "height": 10,
        "width": 10,
        "lifetime": 25,
        "speed": 3
      },
      "collides": true,
      "collidesAir": true,
      "buildingDamageMultiplier": 1.0
    },
    "metaglass": {
      "type": "ArtilleryBulletType",
      "collidesGround": true,
      "collidesTiles": true,
      "damage": 18,
      "speed": 4,
      "lifetime": 60,
      "splashDamage": 46,
      "splashDamageRadius": 90,
      "knockback": 1,
      "height": 15,
      "width": 15,
      "trailChance": 0.8,
      "trailColor": "EBEEF5FF",
      "frontColor": "D0D0E0FF",
      "backColor": "EBEEF5FF",
      "hitEffect": "flakExplosion",
      "shootEffect": "shootBig",
      "smokeEffect": "shootBigSmoke2",
      "fragBullets": 5,
      "fragBullet": {
        "type": "BasicBulletType",
        "collidesGround": true,
        "collidesAir": false,
        "damage": 8,
        "splashDamage": 14,
        "splashDamageRadius": 22,
        "frontColor": "D0D0E0FF",
        "backColor": "EBEEF5FF",
        "height": 10,
        "width": 10,
        "lifetime": 25,
        "speed": 3
      },
      "collides": true,
      "collidesAir": true,
      "buildingDamageMultiplier": 1.0
    }
  },
  "requirements": [
    "copper/300",
    "lead/400",
    "graphite/320"
  ],
  "category": "turret",
  "research": "b-shadow"
}