{
  "type": "ItemTurret",
  "researchCostMultiplier": 0.1,
  "description": "[grey]Fires bursts of missiles",
  "localizedName": "Shadow",
  "size": 1,
  "health": 45,
  "maxAmmo": 50,
  "ammoPerShot": 4,
  "reloadTime": 37,
  "range": 350,
  "targetAir": true,
  "targetGround": true,
  "rotateSpeed": 3,
  "inaccuracy": 5,
  "burstSpacing": 4,
  "shots": 4,
  "recoilAmount": 0.8,
  "restitution": 0.1,
  "shootSound": "missile",
  "ammoTypes": {
    "graphite": {
      "type": "MissileBulletType",
      "damage": 8,
      "splashDamageRadius": 16,
      "splashDamage": 9,
      "speed": 3.5,
      "lifetime": 150,
      "height": 12,
      "width": 7,
      "pierce": false,
      "homingPower": 0.0456,
      "homingRange": 48,
      "trailColor": "95ABD9FF",
      "frontColor": "6B77A1FF",
      "backColor": "95ABD9FF",
      "hitEffect": "plasticExplosion",
      "shootEffect": "none",
      "smokeEffect": "hitBulletBig"
    },
    "pyratite": {
      "type": "MissileBulletType",
      "damage": 12,
      "splashDamageRadius": 16,
      "splashDamage": 12,
      "height": 12,
      "width": 7,
      "speed": 3.5,
      "lifetime": 150,
      "status": "burning",
      "statusDuration": 420,
      "pierce": false,
      "homingPower": 0.0456,
      "homingRange": 64,
      "trailColor": "EA8878",
      "frontColor": "FEB380",
      "backColor": "EA8878",
      "hitEffect": "plasticExplosion",
      "shootEffect": "none",
      "smokeEffect": "hitBulletBig"
    }
  },
  "requirements": [
    {
      "item": "copper",
      "amount": 77
    },
    {
      "item": "lead",
      "amount": 74
    }
  ],
  "category": "turret",
  "research": "duo"
}