{
  "localizedName": "Influx",
  "type": "itemTurret",
  "description": "[blue]Shoots cold plasma shrapnels by energizing its ammo.",
  "reloadTime": 65,
  "range": 240,
  "spread": 10,
  "restitution": 0.2,
  "shootCone": 15,
  "heatColor": "A9D8FFFF",
  "size": 7,
  "maxAmmo": "43",
  "health": 2650,
  "rotateSpeed": 1,
  "shootShake": 4,
  "shots": 3,
  "shootSound": "shotgun",
  "ammoPerShot": 3,
  "recoilAmount": 2,
  "ammoTypes": {
    "omega-blue": {
      "status": "freezing",
      "statusDuration": 200,
      "damage": 600,
      "width": 35,
      "pierce": true,
      "type": "ShrapnelBulletType",
      "serrationWidth": 10,
      "serrationSpacing": 8,
      "lifetime": 18,
      "length": 240,
      "serrations": 3,
      "fromColor": "A9D8FFFF",
      "toColor": "66B1FFFF",
      "shootEffect": "lightningShoot",
      "hitEffect": {
        "type": "ParticleEffect",
        "line": true,
        "particles": 7,
        "lifetime": 10,
        "length": 25,
        "cone": -360,
        "lenFrom": 5,
        "lenTo": 0,
        "colorFrom": "A9D8FFFF",
        "colorTo": "66B1FFFF"
      },
      "ammoMultiplier": 3
    },
    "astrolite": {
      "damage": 360,
      "width": 35,
      "pierce": true,
      "type": "ShrapnelBulletType",
      "lifetime": 18,
      "length": 240,
      "serrationWidth": 10,
      "serrationSpacing": 8,
      "serrations": 3,
      "fromColor": "FFFFFF",
      "toColor": "A9D8FFFF",
      "ammoMultiplier": 3,
      "hitEffect": {
        "type": "ParticleEffect",
        "line": true,
        "particles": 7,
        "lifetime": 10,
        "length": 25,
        "cone": -360,
        "lenFrom": 5,
        "lenTo": 0,
        "colorFrom": "FFFFFF",
        "colorTo": "A9D8FFFF"
      },
      "shootEffect": "lightningShoot"
    }
  },
  "requirements": [
    "plastanium/470",
    "astrolite/540",
    "silicon/520",
    "osmium/360",
    "titanium/800"
  ],
  "category": "turret",
  "research": "c-polaris",
  "name": "c-influx"
}