{
  "localizedName": "Nexus",
  "type": "itemTurret",
  "details": "One bullet wasn't enough so now there are two.",
  "description": "[blue] A rapidly firing turret that is stronger against single targets.",
  "health": 8660,
  "shots": 2,
  "shootShake": 3,
  "size": 8,
  "reloadTime": 10.25,
  "range": 430,
  "recoilAmount": 4.2,
  "restitution": 0.1,
  "coolantMultiplier": 0.84,
  "ammoUseEffect": "casing2",
  "burstSpacing": 3,
  "shootCone": 6,
  "shootSound": "artillery",
  "rotateSpeed": 0.8,
  "inaccuracy": 0,
  "ammoTypes": {
    "jupiteium": {
      "speed": 18,
      "height": 26,
      "width": 13,
      "damage": 275,
      "knockback": 4.8,
      "hitSize": 12,
      "frontColor": "C28590FF",
      "backColor": "A16570FF",
      "shootEffect": "lightningShoot",
      "hitEffect": "explosion"
    },
    "omega-blue": {
      "status": "slow",
      "statusDuration": 1200,
      "speed": 20,
      "height": 29,
      "width": 13,
      "damage": 455,
      "knockback": 0.8,
      "hitSize": 12,
      "frontColor": "A9D8FFFF",
      "backColor": "66B1FFFF",
      "shootEffect": "lightningShoot",
      "hitEffect": {
        "type": "ParticleEffect",
        "line": true,
        "particles": 8,
        "lifetime": 10,
        "length": 35,
        "cone": -360,
        "lenFrom": 5,
        "lenTo": 0,
        "colorFrom": "A9D8FFFF",
        "colorTo": "66B1FFFF"
      },
      "despawnEffect": {
        "type": "ParticleEffect",
        "line": true,
        "particles": 8,
        "lifetime": 10,
        "length": 35,
        "cone": -360,
        "lenFrom": 5,
        "lenTo": 0,
        "colorFrom": "A9D8FFFF",
        "colorTo": "66B1FFFF"
      },
      "lightning": 7,
      "lightningDamage": 14,
      "lightningColor": "A9D8FFFF",
      "lightningCone": 360,
      "lightningLengthRand": 13,
      "lightningLength": 9,
      "collidesAir": true
    },
    "surge-alloy": {
      "status": "shocked",
      "statusDuration": 1200,
      "speed": 18,
      "height": 30,
      "width": 17,
      "damage": 365,
      "knockback": 0.5,
      "hitSize": 12,
      "frontColor": "F3E979FF",
      "backColor": "F3E979FF",
      "shootEffect": "lightningShoot",
      "hitEffect": "bigShockwave",
      "despawnEffect": "bigShockwave",
      "lightning": 5,
      "lightningDamage": 8,
      "lightningCone": 360,
      "lightningLengthRand": 13,
      "lightningLength": 25,
      "collidesAir": true
    }
  },
  "requirements": [
    "jupiteium/520",
    "astrolite/1250",
    "silicon/870",
    "osmium/700",
    "titanium/860",
    "omega-blue/870"
  ],
  "category": "turret",
  "research": "c-influx",
  "name": "c-nexus"
}