{
  "type": "ContinuousLiquidTurret",
  "researchCostMultiplier": 0.7,
  "size": 3,
  "health": 480,
  "reload": 65,
  "shootY": 0,
  "range": 130,
  "liquidConsumed": 1.8,
  "rotateSpeed": 2,
  "shoot": {
    "type": "shootSpread",
    "shots": 3,
    "spread": 16
  },
  "shootSound": "torch",
  "drawer": {
    "type": "drawTurret",
    "basePrefix": "genesux-",
    "parts": [
      {
        "type": "RegionPart",
        "suffix": "-front",
        "moveX": 2,
        "moveRot": -5,
        "moveY": 1,
        "mirror": true,
        "progress": "warmup"
      },
      {
        "type": "RegionPart",
        "mirror": true,
        "progress": "warmup",
        "children": [
          {
            "type": "RegionPart",
            "suffix": "-bottom",
            "moveX": 2,
            "moveRot": 2,
            "mirror": true,
            "progress": "warmup"
          }
        ],
        "moveX": 1.7,
        "moveRot": -5,
        "suffix": "-body"
      }
    ]
  },
  "ammoTypes": {
    "cold-plasma": {
      "type": "ContinuousFlameBulletType",
      "colors": [
        "66B1FFAA",
        "66B1FFff",
        "A9D8FFFF",
        "E1F2FFFF"
      ],
      "damage": 8,
      "flareWidth": 5,
      "flareLength": 48,
      "flareColor": "A9D8FFFF",
      "width": 5.5,
      "hitEffect": {
        "type": "ParticleEffect",
        "line": true,
        "particles": 7,
        "lifetime": 15,
        "length": 65,
        "cone": -360,
        "strokeFrom": 2.5,
        "strokeTo": 0,
        "lenFrom": 8,
        "lenTo": 0,
        "colorFrom": "A9D8FFFF",
        "colorTo": "66B1FFFF"
      },
      "divisions": 20,
      "length": 130,
      "drawSize": 350,
      "status": "freezing",
      "statusDuration": 150
    }
  },
  "requirements": [
    "silicon/120",
    "graphite/260",
    "astrolite/250",
    "lead/230"
  ],
  "envRequired": 0,
  "enDisabled": 4,
  "category": "turret",
  "research": "c-cosmos"
}
