{
  "type": "itemTurret",
  "health": 8660,
  "shake": 2,
  "size": 8,
  "reload": 6.25,
  "range": 430,
  "shootY": 32,
  "shootSound": "shootBig",
  "recoil": 4.2,
  "coolantMultiplier": 0.84,
  "shootCone": 40,
  "inaccuracy": 7,
  "shoot": {
    "type": "ShootAlternate",
    "spread": 9,
    "barrels": 4,
    "shots": 4
  },
  "drawer": {
    "type": "drawTurret",
    "basePrefix": "genesux-"
  },
  "shootWarmupSpeed": 0.08,
  "rotateSpeed": 0.90,
  "ammoTypes": {
    "thorium": {
      "status": "slow",
      "statusDuration": "100",
      "speed": 18,
      "trailColor": "CB8EBFFF",
      "trailParam": 4,
      "trailLength": 13,
      "trailWidth": 4,
      "trailEffect": "none",
      "shrinkY": 0,
      "shrinkX": 0,
      "height": 26,
      "width": 15,
      "damage": 115,
      "lifetime": 25,
      "knockback": 4.8,
      "hitSize": 12,
      "shootEffect": {
        "type": "ParticleEffect",
        "particles": 3,
        "length": 70,
        "lifetime": 46,
        "cone": 20,
        "colorFrom": "F9A3C7FF",
        "colorTo": "CB8EBFFF",
        "sizeFrom": 5,
        "sizeTo": 0
      },
      "hitEffect": "thoriumShoot",
      "frontColor": "F9A3C7FF",
      "backColor": "CB8EBFFF"
    },
    "dytrix": {
      "pierceArmor": true,
      "speed": 18,
      "trailColor": "8EE1FFFF",
      "trailParam": 4,
      "trailLength": 13,
      "trailWidth": 2.6,
      "trailEffect": "none",
      "shrinkY": 0,
      "shrinkX": 0,
      "height": 24,
      "width": 15,
      "damage": 155,
      "lifetime": 25,
      "hitSize": 12,
      "shootEffect": "shootSmokeDisperse",
      "hitEffect": {
        "type": "multiEffect",
        "effects": [
          {
            "type": "ParticleEffect",
            "line": true,
            "particles": 9,
            "lifetime": 30,
            "length": 85,
            "baseLength": 20,
            "cone": -30,
            "lenFrom": 7,
            "lenTo": 0,
            "colorFrom": "8EE1FFFF",
            "colorTo": "8EE1FFFF"
          },
          {
            "type": "ParticleEffect",
            "particles": 9,
            "length": 70,
            "lifetime": 46,
            "cone": 60,
            "colorFrom": "8EE1FFFF",
            "colorTo": "8EE1FFFF",
            "sizeFrom": 5,
            "sizeTo": 0
          }
        ]
      },
      "frontColor": "fffffFF",
      "backColor": "8EE1FFFF"
    },
    "omega-blue": {
      "status": "freezing",
      "statusDuration": "100",
      "speed": 18,
      "trailColor": "66B1FFFF",
      "trailParam": 4,
      "trailLength": 13,
      "trailWidth": 4,
      "trailEffect": "none",
      "shrinkY": 0,
      "shrinkX": 0,
      "height": 26,
      "width": 15,
      "lifetime": 25,
      "damage": 235,
      "knockback": 1.8,
      "hitSize": 12,
      "frontColor": "A9D8FFFF",
      "backColor": "66B1FFFF",
      "shootEffect": {
        "type": "ParticleEffect",
        "particles": 3,
        "length": 70,
        "lifetime": 46,
        "cone": 20,
        "colorFrom": "A9D8FFFF",
        "colorTo": "66B1FFFF",
        "sizeFrom": 5,
        "sizeTo": 0
      },
      "hitEffect": {
        "type": "multiEffect",
        "effects": [
          {
            "type": "ParticleEffect",
            "line": true,
            "particles": 9,
            "lifetime": 30,
            "length": 85,
            "baseLength": 20,
            "cone": -30,
            "lenFrom": 7,
            "lenTo": 0,
            "colorFrom": "A9D8FFFF",
            "colorTo": "66B1FFFF"
          }
        ]
      },
      "lightning": 5,
      "despawnHit": true,
      "lightningDamage": 9,
      "lightningColor": "A9D8FFFF",
      "lightningCone": 360,
      "lightningLengthRand": 3,
      "lightningLength": 2
    }
  },
  "requirements": [
    "stellar-steel/1320",
    "silicon/870",
    "osmium/700",
    "urbium/860",
    "omega-blue/2000"
  ],
  "category": "turret",
  "research": "c-neutron-mortar"
}
