{
  "type": "ItemTurret",
  "researchCostMultiplier": 0.2,
  "size": 2,
  "health": 240,
  "reload": 124,
  "range": 230,
  "targetAir": false,
  "recoil": 0.7,
  "rotateSpeed": 3,
  "shootSound": "laser",
  "drawer": {
    "type": "drawTurret",
    "basePrefix": "quantra-"
  },
  "ammoTypes": {
    "valvanite": {
      "type": "BasicBulletType",
      "sprite": "large-bomb",
      "absorbable": true,
      "shrinkY": 0.1,
      "shrinkX": 0.1,
      "width": 25,
      "spin": 8,
      "height": 25,
      "speed": 4,
      "lifetime": 70,
      "damage": 40,
      "status": "corroded",
      "hitEffect": {
        "type": "WaveEffect",
        "lifetime": 15,
        "sizeFrom": 0,
        "sizeTo": 25,
        "strokeFrom": 4,
        "strokeTo": 0,
        "colorFrom": "73FFAEFF",
        "colorTo": "57D993FF"
      },
      "despawnEffect": {
        "type": "WaveEffect",
        "lifetime": 15,
        "sizeFrom": 0,
        "sizeTo": 25,
        "strokeFrom": 4,
        "strokeTo": 0,
        "colorFrom": "73FFAEFF",
        "colorTo": "57D993FF"
      },
      "frontColor": "FFFFFFF",
      "backColor": "73FFAEFF",
      "fragBullets": 3,
      "fragBullet": {
        "type": "BasicBulletType",
        "sprite": "large-bomb",
        "absorbable": true,
        "shrinkY": 0.1,
        "shrinkX": 0.1,
        "width": 15,
        "spin": 8,
        "height": 15,
        "speed": 4,
        "lifetime": 50,
        "damage": 20,
        "splashDamage": 20,
        "splashDamageRadius": 30,
        "status": "corroded",
        "hitEffect": {
          "type": "WaveEffect",
          "lifetime": 15,
          "sizeFrom": 0,
          "sizeTo": 25,
          "strokeFrom": 4,
          "strokeTo": 0,
          "colorFrom": "73FFAEFF",
          "colorTo": "57D993FF"
        },
        "despawnEffect": {
          "type": "WaveEffect",
          "lifetime": 15,
          "sizeFrom": 0,
          "sizeTo": 25,
          "strokeFrom": 4,
          "strokeTo": 0,
          "colorFrom": "73FFAEFF",
          "colorTo": "57D993FF"
        },
        "frontColor": "FFFFFFF",
        "backColor": "73FFAEFF"
      }
    }
  },
  "requirements": [
    "graphite/30",
    "valvanite/50",
    "silicon/80",
    "copper/130"
  ],
  "category": "turret",
  "research": "g-ioner"
}
