{
    "type": "ItemTurret",
    "localizedName": "Eradicator",
    "details": "Ha! You and what army?",
    "description": "[purple]A large and powerful mortar-like turret that shoots giant explosive bullets that can eradicate groups of enemies. It is unable to target air units.",
    "health": 2500,
    "targetAir": false,
    "size": 8,
    "reloadTime": 56,
    "coolantMultiplier": 0.3,
    "restitution" : 0.08, 
    "range": 520,
    "recoilAmount": 7,
    "shootShake": 6,
    "ammoUseEffect": "none",
    "inaccuracy": 0,
    "shots": 1,
    "spread": 0,
    "rotateSpeed": 1.4,
    "shootSound": "explosionbig",
	 "ammoTypes": {
    "jupiteium": {
    "speed": 2.4,
    "type":"ArtilleryBulletType",
    "sprite": "shell",
    "lifetime": 800,
    "damage": 840,
    "splashDamage" : 500,
    "splashDamageRadius" : 100,	
    "collides": true,
    "collidesAir": false,
    "collidesTiles": true,
    "statusDuration": 400,
    "width": 25,
    "height": 28,
    "trailParam": 5,
    "trailLength": 13,
    "trailWidth": 5,
    "trailEffect": "none",
	"frontColor": "C28590FF",
    "backColor": "A16570FF",
    "trailColor": "A16570FF",
    "shootEffect": "flakExplosionBig",
    "smokeEffect": "blastsmoke",
    "hitEffect": {
    "type": "ExplosionEffect",  
    "waveColor": "C28590FF",
    "sparkColor": "C28590FF",
    "smokes": 40,
    "smokeSize": 10.0,	
    "smokeSizeBase": 4.6,
    "smokeRad":	73,	
    "waveLife":	20,
    "waveStroke": 8.1,	
    "waveRad": 95,
    "waveRadBase": 2.0,
    "sparkLen": 20,
    "sparks": 18
    },
    "despawnEffect": {
    "type": "ExplosionEffect",  
    "waveColor": "C28590FF",
    "sparkColor": "C28590FF",
    "smokes": 40,
    "smokeSize": 10.0,	
    "smokeSizeBase": 4.6,
    "smokeRad":	73,	
    "waveLife":	20,
    "waveStroke": 8.1,	
    "waveRad": 95,
    "waveRadBase": 2.0,
    "sparkLen": 20,
    "sparks": 18
    },
    "knockback": 1,
    "pierce": false,
    "hitSize": 16
    },
    "plastanium": {
    "speed": 2.6,
    "type":"ArtilleryBulletType",
    "sprite": "shell",
    "lifetime": 800,
    "damage": 386,
    "homingRange": 688,
    "homingPower": 0.0256,
    "collides": true,
    "collidesAir": false,
    "collidesTiles": true,
    "statusDuration": 400,
    "status": "corroded",
    "width": 25,
    "height": 28,
    "frontColor": "9CB664FF",
    "backColor": "EDF2A8FF",
    "trailColor": "9CB664FF",
    "trailParam": 5,
    "trailLength": 13,
    "trailWidth": 5,
    "trailEffect": "none",
    "shootEffect": "plasticExplosionFlak",
    "smokeEffect": "blastsmoke",
    "hitEffect": {
    "type": "ExplosionEffect",  
    "waveColor": "9CB664FF",
    "sparkColor": "9CB664FF",
    "smokes": 40,
    "smokeSize": 10.0,	
    "smokeSizeBase": 4.6,
    "smokeRad":	73,	
    "waveLife":	20,
    "waveStroke": 8.1,	
    "waveRad": 95,
    "waveRadBase": 2.0,
    "sparkLen": 20,
    "sparks": 18
    },
    "despawnEffect": {
    "type": "ExplosionEffect",  
    "waveColor": "9CB664FF",
    "sparkColor": "9CB664FF",
    "smokes": 40,
    "smokeSize": 10.0,	
    "smokeSizeBase": 4.6,
    "smokeRad":	73,	
    "waveLife":	20,
    "waveStroke": 8.1,	
    "waveRad": 95,
    "waveRadBase": 2.0,
    "sparkLen": 20,
    "sparks": 18
    },
    "knockback": 1,
    "pierce": false,
    "hitSize": 16,
	"fragBullets": 8,
	"fragBullet": {
	"type": "BasicBulletType",
	"height" : 10,
	"width" : 10,
	"shrinkX": 0,
	"shrinkY": 0,
	"spin" : 8,
	"lifetime": 30,
	"speed": 1.5,
	"damage" : 50,
	"splashDamage" : 200,
	"splashDamageRadius" : 80,	
	"hitEffect" : "plasticExplosionFlak",
	"despawnEffect": "plasticExplosionFlak",
	"frontColor": "9CB664FF",
    "backColor": "EDF2A8FF"
	}
    },
    "azuid-azide": {
    "speed": 2.3,
    "type":"ArtilleryBulletType",
    "sprite": "shell",
    "lifetime": 800,
    "damage": 730,
    "splashDamage" : 370,
    "splashDamageRadius" : 80,	
    "collides": true,
    "collidesAir": false,
    "collidesTiles": true,
    "statusDuration": 400,
    "status": "blasted",
    "width": 25,
    "height": 28,
    "trailParam": 5,
    "trailLength": 13,
    "trailWidth": 5,
    "trailEffect": "none",
	"frontColor": "E69B2BFF",
    "backColor": "FBCC56FF",
    "trailColor": "FBCC56FF",
    "shootEffect": "massiveExplosion",
    "smokeEffect": "blastsmoke",
    "hitEffect": {
    "type": "ExplosionEffect",  
    "waveColor": "E69B2BFF",
    "sparkColor": "E69B2BFF",
    "smokes": 40,
    "smokeSize": 10.0,	
    "smokeSizeBase": 4.6,
    "smokeRad":	73,	
    "waveLife":	20,
    "waveStroke": 8.1,	
    "waveRad": 95,
    "waveRadBase": 2.0,
    "sparkLen": 20,
    "sparks": 18
    },
    "despawnEffect": {
    "type": "ExplosionEffect",  
    "waveColor": "E69B2BFF",
    "sparkColor": "E69B2BFF",
    "smokes": 40,
    "smokeSize": 10.0,	
    "smokeSizeBase": 4.6,
    "smokeRad":	73,	
    "waveLife":	20,
    "waveStroke": 8.1,	
    "waveRad": 95,
    "waveRadBase": 2.0,
    "sparkLen": 20,
    "sparks": 18
    },
    "knockback": 1,
    "pierce": false,
	"incendAmount": 500,
	"incendSpread": 10,
	"incendChance": 8,
    "hitSize": 16
    },
    "rutuxium": {
    "speed": 2.3,
    "type":"ArtilleryBulletType",
    "sprite": "shell",
    "lifetime": 800,
    "damage": 980,
    "splashDamage" : 830,
    "splashDamageRadius" : 90,	
	"homingPower": 0.0100,
    "homingRange": 128,
    "collides": true,
    "collidesAir": false,
    "collidesTiles": true,
    "width": 25,
    "height": 28,
    "trailParam": 5,
    "trailLength": 13,
    "trailWidth": 5,
    "trailEffect": "none",
	"frontColor": "BF92F9FF",
    "backColor": "8A73C6FF",
    "trailColor": "8A73C6FF",
    "shootEffect": "sapExplosion",
    "smokeEffect": "blastsmoke",
    "hitEffect": {
    "type": "ExplosionEffect",  
    "waveColor": "BF92F9FF",
    "sparkColor": "BF92F9FF",
    "smokes": 40,
    "smokeSize": 10.0,	
    "smokeSizeBase": 4.6,
    "smokeRad":	73,	
    "waveLife":	20,
    "waveStroke": 8.1,	
    "waveRad": 95,
    "waveRadBase": 2.0,
    "sparkLen": 20,
    "sparks": 18
    },
    "despawnEffect": {
    "type": "ExplosionEffect",  
    "waveColor": "BF92F9FF",
    "sparkColor": "BF92F9FF",
    "smokes": 40,
    "smokeSize": 10.0,	
    "smokeSizeBase": 4.6,
    "smokeRad":	73,	
    "waveLife":	20,
    "waveStroke": 8.1,	
    "waveRad": 95,
    "waveRadBase": 2.0,
    "sparkLen": 20,
    "sparks": 18
    },
    "knockback": 1,
    "pierce": false,
    "hitSize": 16
    }
    },
    "requirements": [
	"titanium/980",
    "thorium/660",
    "plastanium/590",
    "surge-alloy/600",
    "osmium/850",
	"silicon/1000",
	"rutuxium/830"
    ],
    "category": "turret",
    "research": "p-affliction"
}
