{
	"type": "ItemTurret",
	"localizedName": "Havoc",
	"researchCostMultiplier": 0.2,
	"description": "[purple]A small but powerful mine launching turret that can cause havoc to large groups of ground units or single units.",
	"health": 200,
	"size": 2,
	"reloadTime": 50,
	"range": 370,
	"targetGround": "true",
	"targetAir": "false",
	"recoilAmount": 2,
	"shootShake": 3,
	"shootEffect": "none",
	"ammoUseEffect": "none",
	"inaccuracy": 0,
	"shootCone": 5,
	"rotateSpeed": 2,
	"shootSound": "boom",
	"ammoTypes": {
	"spore-pod": {
    "type": "FlakBulletType",
    "explodeRange" : 60,
    "sprite": "exogenesis-bomb-bolt",
    "drag": 0.002,
    "status": "sapped",
    "collidesGround" : true,
    "damage": 0,
    "speed": 4,
    "lifetime": 60,
    "splashDamage": 38,
    "splashDamageRadius": 38,
    "knockback": 1,
    "height": 6,
    "width": 6,
    "shrinkX": 0,
    "shrinkY": 0,
    "trailParam": 5,
    "trailLength": 13,
    "trailWidth": 2,
    "trailEffect": "none",
    "trailColor": "8A73C6FF",
    "frontColor": "BF92F9FF",
    "backColor": "8A73C6FF",
    "hitEffect": "blastExplosion",
    "shootEffect": "shootBig",
    "smokeEffect": "shootBigSmoke2",
    "fragBullets": 3,
    "fragBullet": {
    "type": "FlakBulletType",
    "explodeRange" : 15,
    "collidesGround" : true,
    "collidesAir" : false,
    "damage": 0,
    "splashDamage": 30,
    "splashDamageRadius": 60,
    "sprite" : "exogenesis-mine",
    "status": "sapped",
    "makeFire" : true,
    "frontColor": "BF92F9FF",
    "backColor": "8A73C6FF",
    "spin": 0.2,
    "height": 10,
    "width": 10,
    "lifetime": 1500,
    "shrinkX": 0.2,
    "shrinkY": 0.2,
    "speed": 3,
    "drag" : 0.04
    }
	},
	"blast-compound": {
    "type": "FlakBulletType",
    "explodeRange" : 60,
    "sprite": "exogenesis-bomb-bolt",
    "drag": 0.002,
    "status": "blasted",
    "collidesGround" : true,
    "damage": 0,
    "speed": 4,
    "lifetime": 60,
    "splashDamage": 54,
    "splashDamageRadius": 58,
    "knockback": 1,
    "height": 6,
    "width": 6,
    "shrinkX": 0,
    "shrinkY": 0,
    "trailParam": 5,
    "trailLength": 13,
    "trailWidth": 2,
    "trailEffect": "none",
    "trailColor": "C85C51FF",
    "frontColor": "E66F57FF",
    "backColor": "C85C51FF",
    "hitEffect": "blastExplosion",
    "shootEffect": "shootBig",
    "smokeEffect": "shootBigSmoke2",
    "fragBullets": 4,
    "fragBullet": {
    "type": "FlakBulletType",
    "explodeRange" : 15,
    "collidesGround" : true,
    "collidesAir" : false,
    "damage": 0,
    "splashDamage": 40,
    "splashDamageRadius": 80,
    "sprite" : "exogenesis-mine",
    "status": "blasted",
    "makeFire" : true,
    "frontColor": "E66F57FF",
    "backColor": "C85C51FF",
    "spin": 0.2,
    "height": 10,
    "width": 10,
    "lifetime": 1500,
    "shrinkX": 0.2,
    "shrinkY": 0.2,
    "speed": 3,
    "drag" : 0.04
    }
	},
	"metaglass": {
    "type": "FlakBulletType",
    "explodeRange" : 60,
    "sprite": "exogenesis-bomb-bolt",
    "drag": 0.002,
    "collidesGround" : true,
    "damage": 0,
    "speed": 4,
    "lifetime": 60,
    "splashDamage": 46,
    "splashDamageRadius": 88,
    "knockback": 1,
    "height": 6,
    "width": 6,
    "shrinkX": 0,
    "shrinkY": 0,
    "trailParam": 5,
    "trailLength": 13,
    "trailWidth": 2,
    "trailEffect": "none",
    "trailColor": "EBEEF5FF",
	"frontColor": "D0D0E0FF",
	"backColor": "EBEEF5FF",
    "hitEffect": "flakExplosion",
    "shootEffect": "shootBig",
    "smokeEffect": "shootBigSmoke2",
    "fragBullets": 5,
    "fragBullet": {
    "type": "FlakBulletType",
    "explodeRange" : 15,
    "collidesGround" : true,
    "collidesAir" : false,
    "damage": 0,
    "splashDamage": 50,
    "splashDamageRadius": 110,
    "sprite" : "exogenesis-mine",
	"frontColor": "D0D0E0FF",
	"backColor": "EBEEF5FF",
    "spin": 0.2,
    "height": 10,
    "width": 10,
    "lifetime": 1500,
    "shrinkX": 0.2,
    "shrinkY": 0.2,
    "speed": 3,
    "drag" : 0.04,
    "fragBullets": 5,
	"fragBullet": {
	"damage": 15,
	"speed": 4,
	"collidesAir": false,
	"width": 10,
	"height": 12,
	"lifetime": 15,
	"frontColor": "D0D0E0FF",
	"backColor": "EBEEF5FF"
	}
	}
	}
	},
	"requirements": [
    "titanium/200",
    "lead/300",
	"graphite/450",
	"silicon/490"
	],
	"category": "turret",
	"research": "p-spore-burner"
}
