{
	"type": "ItemTurret",
	"localizedName": "Obliterator",
	"description": "[purple]Like the devastator, the obliterator can shoot mines that can quite literally obliterate ground units to history.",
	"health": 400,
	"size": 4,
	"targetGround": "true",
	"targetAir": "false",
	"reloadTime": 70,
	"range": 500,
	"shootEffect": "none",
	"recoilAmount": 4,
	"shootShake": 5,
	"ammoUseEffect": "none",
	"inaccuracy": 0,
	"shootCone": 5,
	"rotateSpeed": 1,
	"shootSound": "boom",
	"ammoTypes": {
	"blast-compound": {
    "type": "FlakBulletType",
    "explodeRange" : 60,
    "status": "blasted",
    "collidesGround" : true,
    "damage": 0,
    "speed": 4,
    "lifetime": 100,
    "splashDamage": 76,
    "splashDamageRadius": 75,
    "knockback": 3,
    "sprite": "exogenesis-bomb-bolt",
    "drag": 0.002,
    "height": 20,
    "width": 20,
    "shrinkX": 0,
    "shrinkY": 0,
    "trailParam": 5,
    "trailLength": 13,
    "trailWidth": 4.5,
    "trailEffect": "none",
    "trailColor": "C85C51FF",
    "frontColor": "E66F57FF",
    "backColor": "C85C51FF",
    "hitEffect": "blastExplosion",
    "shootEffect": "shootBig",
    "smokeEffect": "shootBigSmoke2",
    "fragBullets": 6,
    "fragBullet": {
    "type": "FlakBulletType",
    "explodeRange" : 26,
    "collidesGround" : true,
    "collidesAir" : false,
    "damage": 0,
    "splashDamage": 65,
    "splashDamageRadius": 87,
    "sprite" : "exogenesis-mine",
    "status": "blasted",
    "makeFire" : true,
    "frontColor": "E66F57FF",
    "backColor": "C85C51FF",
    "spin": 0.2,
    "height": 10,
    "width": 10,
    "lifetime": 1500,
    "shrinkX": 0.2,
    "shrinkY": 0.2,
    "speed": 3,
    "drag" : 0.04
    }
	},
	"surge-alloy": {
    "type": "FlakBulletType",
    "explodeRange" : 60,
    "collidesGround" : true,
    "damage": 0,
    "speed": 4,
    "lifetime": 100,
    "splashDamage": 76,
    "splashDamageRadius": 88,
    "knockback": 3,
    "sprite": "exogenesis-bomb-bolt",
    "drag": 0.002,
    "height": 20,
    "width": 20,
    "shrinkX": 0,
    "shrinkY": 0,
    "trailParam": 5,
    "trailLength": 13,
    "trailWidth": 4.5,
    "trailEffect": "none",
    "trailColor": "F3E979FF",
    "frontColor": "F3E979FF",
    "backColor": "F3E979FF",
    "hitEffect": "flakExplosionBig",
    "shootEffect": "shootBig",
    "mokeEffect": "shootBigSmoke2",
    "fragBullets": 7,
    "fragBullet": {
    "type": "FlakBulletType",
    "explodeRange" : 26,
    "collidesGround" : true,
    "collidesAir" : false,
    "damage": 0,
    "splashDamage": 37,
    "splashDamageRadius": 85,
    "lightning": 5,
    "lightningDamage": 25,
    "lightningCone": 360,
    "lightningLengthRand": 3,
    "lightningLength": 15,
    "sprite" : "exogenesis-mine",
    "frontColor": "F3E979FF",
    "backColor": "F3E979FF",
    "spin": 0.2,
    "height": 10,
    "width": 10,
    "lifetime": 2500,
    "shrinkX": 0.2,
    "shrinkY": 0.2,
    "speed": 3,
    "drag" : 0.04
	}
	},
	"azuid-azide": {
    "type": "FlakBulletType",
    "explodeRange" : 60,
    "collidesGround" : true,
    "damage": 0,
    "speed": 4,
    "lifetime": 100,
    "splashDamage": 86,
    "splashDamageRadius": 95,
    "knockback": 3,
    "sprite": "exogenesis-bomb-bolt",
    "drag": 0.002,
    "height": 20,
    "width": 20,
    "shrinkX": 0,
    "shrinkY": 0,
    "trailParam": 5,
    "trailLength": 13,
    "trailWidth": 4.5,
    "trailEffect": "none",
    "trailColor": "E69B2BFF",
	"frontColor": "FBCC56FF",
	"backColor": "E69B2BFF",
    "hitEffect": "massiveExplosion",
    "shootEffect": "shootBig",
    "smokeEffect": "shootBigSmoke2",
    "fragBullets": 8,
    "fragBullet": {
    "type": "FlakBulletType",
    "explodeRange" : 26,
    "collidesGround" : true,
    "collidesAir" : false,
    "damage": 0,
    "splashDamage": 77,
    "splashDamageRadius": 95,
    "sprite" : "exogenesis-mine",
	"frontColor": "FBCC56FF",
	"backColor": "E69B2BFF",
    "spin": 0.2,
    "height": 10,
    "width": 10,
    "lifetime": 1500,
    "shrinkX": 0.2,
    "shrinkY": 0.2,
    "speed": 3,
    "drag" : 0.04
	}
	}
	},
	"requirements": [
	"titanium/280",
    "thorium/560",
    "plastanium/370",
    "osmium/450",
	"silicon/540",
	"metaglass/430"
	],
	"category": "turret",
	"research": "p-devastator"
}
