{
  "type": "ItemTurret",
  "researchCostMultiplier": 0.2,
  "size": 2,
  "health": 2000,
  "armor": 15,
  "reload": 30,
  "range": 140,
  "maxAmmo": 20,
  "outlineColor": "252525",
  "recoil": 0.7,
  "rotateSpeed": 3,
  "shoot": {
    "type": "ShootAlternate",
    "shots": 1,
    "spread": 7
  },
  "drawer": {
    "type": "drawTurret",
    "basePrefix": "solran-"
  },
  "shootSound": "shoot",
  "ammoTypes": {
    "beryllium": {
      "buildingDamageMultiplier": 0.3,
      "type": "BasicBulletType",
      "speed": 4,
      "lifetime": 57,
      "damage": 39,
      "height": 16,
      "width": 12,
      "trailParam": 5,
      "trailLength": 8,
      "trailWidth": 3,
      "knockback": 0.5,
      "backColor": "b1dd7e",
      "trailColor": "b1dd7e",
      "hitEffect": "hitBulletSmall",
      "despawnEffect": "hitBulletSmall",
      "smokeEffect": "none"
    },
    "graphite": {
      "buildingDamageMultiplier": 0.7,
      "type": "BasicBulletType",
      "speed": 4,
      "damage": 29,
      "lifetime": 57,
      "height": 16,
      "width": 12,
      "hitEffect": "blastExplosion",
      "despawnEffect": "blastExplosion",
      "pierce": true,
      "knockback": 0.7,
      "trailColor": "6B77A1FF",
      "trailParam": 5,
      "trailLength": 8,
      "trailWidth": 3,
      "smokeEffect": "none",
      "frontColor": "95ABD9FF",
      "backColor": "6B77A1FF"
    },
    "volcanite": {
      "buildingDamageMultiplier": 0.7,
      "type": "BasicBulletType",
      "speed": 4,
      "damage": 53,
      "knockback": 1.8,
      "lifetime": 57,
      "trailParam": 5,
      "trailLength": 8,
      "trailWidth": 3,
      "height": 16,
      "width": 12,
      "hitEffect": "blockExplosionSmoke",
      "despawnEffect": "blockExplosionSmoke",
      "smokeEffect": "none"
    }
  },
  "coolant": {
    "type": "ConsumeLiquid",
    "liquid": "slag",
    "amount": 0.4
  },
  "coolantMultiplier": 2,
  "requirements": [
    "beryllium/100",
    "graphite/80",
    "volcanite/40"
  ],
  "category": "turret",
  "research": "r-pyro"
}

