{
  "type": "PowerTurret",
  "localizedName": "Fear",
  "details": "Your enemies will fear you",
  "description": "[grey]A alpha class turret that fires orbs of soul energy that on impact releases beams that drains the enemies souls",
  "size": 8,
  "health": 8660,
  "range": 500,
  "reloadTime": 230,
  "inaccuracy": 2,
  "shots": 1,
  "hasPower": true,
  "powerUse": 20,
  "targetAir": true,
  "targetGround": true,
  "recoilAmount": 6,
  "restitution": 0.08,
  "rotateSpeed": 1.0,
  "shootShake": 10,
  "shootSound": "bigLaserShoot",
  "chargeSound": "lasercharge",
  "chargeTime": 80,
  "chargeMaxDelay": 1,
  "chargeEffects": 5,
  "chargeBeginEffect": {
    "type": "ParticleEffect",
    "particles": 1,
    "sizeFrom": 10,
    "sizeTo": 1,
    "length": 0,
    "lifetime": 80,
    "colorFrom": "FFFFFFFF",
    "colorTo": "202328FF",
    "cone": 360
  },
  "chargeEffect": {
    "type": "WaveEffect",
    "lifetime": 70,
    "sizeFrom": 65,
    "sides": 8,
    "sizeTo": 0,
    "strokeFrom": 0,
    "strokeTo": 7,
    "colorFrom": "FFFFFFFF",
    "colorTo": "202328FF"
  },
  "shootType": {
    "type": "BasicBulletType",
    "sprite": "exogenesis-plasma",
    "damage": 1200,
    "absorbable": false,
    "splashDamage": 180,
    "splashDamageRadius": 96,
    "height": 36,
    "width": 36,
    "hitShake": 10,
    "hitSize": 35,
    "speed": 6.3,
    "lifetime": 500,
    "spin": 8,
    "trailChance": 1,
    "trailEffect": {
      "type": "WaveEffect",
      "lifetime": 15,
      "sizeFrom": 18,
      "sides": 8,
      "sizeTo": 0,
      "strokeFrom": 4,
      "strokeTo": 0,
      "colorFrom": "202328FF"
    },
    "status": {
      "name": "drained-soul",
      "localizedName": "Drained Soul",
      "description": "You feel very empty",
      "reloadMultiplier": 0.5,
      "damageMultiplier": 0.5,
      "healthMultiplier": 0.5,
      "speedMultiplier": 0.5,
      "effectChance": 0.5,
      "transitionDamage": 0.4,
      "affinities": [
        "slow",
        "sapped"
      ],
      "effect": {
        "type": "WaveEffect",
        "lifetime": 15,
        "sizeFrom": 0,
        "sides": 8,
        "sizeTo": 5,
        "strokeFrom": 4,
        "strokeTo": 0,
        "colorFrom": "202328FF",
        "colorTo": "FFFFFFFF"
      }
    },
    "statusDuration": 100,
    "shrinkX": 0,
    "shrinkY": 0,
    "hitEffect": {
      "type": "WaveEffect",
      "lifetime": 15,
      "sizeFrom": 0,
      "sizeTo": 40,
      "sides": 8,
      "strokeFrom": 0,
      "strokeTo": 4,
      "colorFrom": "202328FF",
      "colorTo": "FFFFFF"
    },
    "despawnEffect": {
      "type": "WaveEffect",
      "lifetime": 15,
      "sizeFrom": 0,
      "sizeTo": 40,
      "sides": 8,
      "strokeFrom": 0,
      "strokeTo": 4,
      "colorFrom": "202328FF",
      "colorTo": "FFFFFF"
    },
    "shootEffect": {
      "type": "ParticleEffect",
      "particles": 20,
      "offset": 14,
      "sizeFrom": 5,
      "sizeTo": 0,
      "length": 170,
      "lifetime": 28,
      "colorFrom": "202328FF",
      "colorTo": "FFFFFF",
      "cone": 15
    },
    "pierce": false,
    "frontColor": "FFFFFF",
    "backColor": "202328FF",
    "fragBullets": 5,
    "fragCone": 50,
    "fragBullet": {
      "type": "ContinuousLaserBulletType",
      "damage": 120,
      "width": 6,
      "lifetime": 70,
      "length": 100,
      "status": "slow",
      "colors": [
        "202328FF",
        "3D414CFF",
        "FFFFFFFF"
      ],
      "statusDuration": 60,
      "hitEffect": {
        "type": "ParticleEffect",
        "line": true,
        "particles": 5,
        "lifetime": 18,
        "length": 35,
        "cone": -360,
        "lenFrom": 10,
        "lenTo": 0,
        "colorFrom": "202328FF",
        "colorTo": "FFFFFFFF"
      },
      "drawSize": 260
    }
  },
  "requirements": [
    "thorium/480",
    "epsilon-black/600",
    "sand/500",
    "sand/420",
    "phase-fabric/870",
    "titanium/900",
    "silicon/800",
    "plastanium/780"
  ],
  "category": "turret",
  "research": "b-solitude"
}