{
  "type": "PowerTurret",
  "description": "[grey]Fires homing soul energy bombs at nearby enemies that slow them down",
  "localizedName": "Gaze",
  "size": 3,
  "health": 460,
  "range": 300,
  "reloadTime": 80,
  "inaccuracy": 2,
  "shots": 1,
  "targetAir": true,
  "targetGround": true,
  "shootCone": 1,
  "spread": 2,
  "recoilAmount": 1,
  "restitution": 0.08,
  "rotateSpeed": 2.5,
  "shootShake": 2,
  "shootSound": "laser",
  "chargeTime": 20,
  "chargeMaxDelay": 1,
  "chargeEffects": 1,
  "chargeEffect": {
    "type": "WaveEffect",
    "lifetime": 20,
    "sizeFrom": 30,
    "sizeTo": 0,
    "strokeFrom": 4,
    "strokeTo": 0,
    "colorFrom": "202328FF",
    "colorTo": "FFFFFFFF"
  },
  "chargeBeginEffect": {
    "type": "ParticleEffect",
    "particles": 1,
    "sizeFrom": 1,
    "sizeTo": 5,
    "length": 0,
    "lifetime": 20,
    "region": "particle",
    "colorFrom": "202328FF",
    "colorTo": "FFFFFFFF",
    "cone": 360
  },
  "powerUse": 3,
  "hasPower": true,
  "shootType": {
    "type": "FlakBulletType",
    "sprite": "large-bomb",
    "explodeRange": 20,
    "damage": 50,
    "splashDamage": 60,
    "splashDamageRadius": 46,
    "height": 20,
    "width": 20,
    "speed": 3,
    "collidesTiles": true,
    "collidesGround": true,
    "collidesAir": true,
    "lifetime": 120,
    "homingPower": 0.00769,
    "homingRange": 128,
    "shrinkX": 0,
    "shrinkY": 0,
    "spin": 8,
    "hitEffect": {
      "type": "WaveEffect",
      "lifetime": 25,
      "sizeFrom": 0,
      "sizeTo": 25,
      "strokeFrom": 4,
      "strokeTo": 0,
      "colorFrom": "202328FF",
      "colorTo": "FFFFFFFF"
    },
    "despawnEffect": {
      "type": "WaveEffect",
      "lifetime": 25,
      "sizeFrom": 0,
      "sizeTo": 25,
      "strokeFrom": 4,
      "strokeTo": 0,
      "colorFrom": "202328FF",
      "colorTo": "FFFFFFFF"
    },
    "shootEffect": "shootSmall",
    "pierce": false,
    "smokeEffect": "none",
    "frontColor": "FFFFFFFF",
    "backColor": "202328FF",
    "fragBullets": 3,
    "fragBullet": {
      "type": "FlakBulletType",
      "explodeRange": 20,
      "sprite": "large-bomb",
      "status": "slow",
      "collidesTiles": false,
      "collidesGround": false,
      "collidesAir": false,
      "height": 10,
      "width": 10,
      "shrinkX": 0,
      "shrinkY": 0,
      "spin": 8,
      "lifetime": 30,
      "speed": 1.5,
      "damage": 30,
      "splashDamage": 60,
      "splashDamageRadius": 32,
      "hitEffect": {
        "type": "WaveEffect",
        "lifetime": 25,
        "sizeFrom": 0,
        "sizeTo": 25,
        "strokeFrom": 4,
        "strokeTo": 0,
        "colorFrom": "202328FF",
        "colorTo": "FFFFFFFF"
      },
      "despawnEffect": {
        "type": "WaveEffect",
        "lifetime": 25,
        "sizeFrom": 0,
        "sizeTo": 25,
        "strokeFrom": 4,
        "strokeTo": 0,
        "colorFrom": "202328FF",
        "colorTo": "FFFFFFFF"
      },
      "frontColor": "FFFFFFFF",
      "backColor": "202328FF"
    }
  },
  "requirements": [
    "graphite/260",
    "metaglass/200",
    "lead/300",
    "silicon/100"
  ],
  "category": "turret",
  "research": "b-night"
}