{
  "type": "LaserTurret",
  "localizedName": "Grim",
  "description": "[grey]Fires concentrated beams of soul energy at enemies that inflicts them with soul burn",
  "size": 4,
  "health": 180,
  "reloadTime": 11,
  "range": 300,
  "shots": 1,
  "targetAir": true,
  "targetGround": true,
  "shootCone": 40,
  "spread": 4,
  "powerUse": 18,
  "coolantMultiplier": 1.6,
  "update": true,
  "hasPower": true,
  "shootEffect": "shootBigSmoke2",
  "shootShake": 4,
  "firingMoveFract": 0.5,
  "shootDuration": 300,
  "shootSound": "beam",
  "recoilAmount": 2,
  "restitution": 0.04,
  "rotateSpeed": 2,
  "shootType": {
    "type": "ContinuousLaserBulletType",
    "damage": 90,
    "width": 6,
    "length": 300,
    "status": {
      "name": "soul-burn",
      "localizedName": "Soul burn",
      "description": "your soul is burning",
      "reloadMultiplier": 0.4,
      "healthMultiplier": 0.9,
      "speedMultiplier": 0.9,
      "effectChance": 0.5,
      "damage": 0.8,
      "transitionDamage": 1,
      "affinities": [
        "slow",
        "burning",
        "melting"
      ],
      "effect": {
        "type": "ParticleEffect",
        "particles": 5,
        "offset": 30,
        "sizeFrom": 5,
        "sizeTo": 0,
        "length": 60,
        "lifetime": 25,
        "colorFrom": "202328FF",
        "colorTo": "FFFFFFFF",
        "cone": 360
      }
    },
    "colors": [
      "202328FF",
      "3D414CFF",
      "FFFFFFFF"
    ],
    "statusDuration": 60,
    "hitEffect": {
      "type": "ParticleEffect",
      "line": true,
      "particles": 5,
      "lifetime": 18,
      "length": 35,
      "cone": -360,
      "lenFrom": 10,
      "lenTo": 0,
      "colorFrom": "202328FF",
      "colorTo": "FFFFFFFF"
    },
    "drawSize": 260
  },
  "requirements": [
    "thorium/200",
    "surge-alloy/300",
    "epsilon-black/100",
    "titanium/600",
    "silicon/370",
    "copper/600"
  ],
  "category": "turret",
  "research": "b-gaze"
}