{
  "type": "PowerTurret",
  "researchCostMultiplier": 0.1,
  "description": "[grey]Fires bursts of soul energy orbs at enemies",
  "localizedName": "Night",
  "size": 2,
  "health": 240,
  "reloadTime": 64,
  "burstSpacing": 5,
  "range": 200,
  "inaccuracy": 5,
  "shots": 3,
  "targetAir": true,
  "targetGround": true,
  "shootCone": 0.08,
  "recoilAmount": 0.7,
  "restitution": 0.06,
  "rotateSpeed": 2.5,
  "shootSound": "lasershoot",
  "powerUse": 3,
  "hasPower": true,
  "shootType": {
    "type": "BasicBulletType",
    "sprite": "exogenesis-plasma",
    "absorbable": true,
    "shrinkY": 0,
    "shrinkX": 0,
    "speed": 3,
    "lifetime": 100,
    "damage": 32,
    "status": "slow",
    "height": 7,
    "width": 7,
    "homingDelay": 2,
    "homingPower": 0.0556,
    "homingRange": 80,
    "weaveScale": 3,
    "weaveMag": 3,
    "trailChance": 1,
    "trailEffect": {
      "type": "ParticleEffect",
      "particles": 1,
      "length": 0,
      "lifetime": 27,
      "sizeFrom": 6,
      "region": "exogenesis-plasma-back",
      "colorFrom": "202328FF",
      "colorTo": "FFFFFFFF"
    },
    "hitEffect": {
      "type": "WaveEffect",
      "lifetime": 25,
      "sizeFrom": 0,
      "sizeTo": 25,
      "strokeFrom": 4,
      "strokeTo": 0,
      "colorFrom": "202328FF",
      "colorTo": "FFFFFFFF"
    },
    "despawnEffect": {
      "type": "WaveEffect",
      "lifetime": 25,
      "sizeFrom": 0,
      "sizeTo": 25,
      "strokeFrom": 4,
      "strokeTo": 0,
      "colorFrom": "202328FF",
      "colorTo": "FFFFFFFF"
    },
    "splashDamage": 5,
    "splashDamageRadius": 20,
    "frontColor": "FFFFFFFF",
    "backColor": "202328FF"
  },
  "requirements": [
    "graphite/230",
    "lead/330",
    "silicon/130"
  ],
  "category": "turret",
  "research": "b-shiv"
}