{
  "type": "PowerTurret",
  "researchCostMultiplier": 0.1,
  "description": "[grey]Fires piercing soul energy swords",
  "localizedName": "Shiv",
  "size": 1,
  "health": 240,
  "reloadTime": 28,
  "range": 200,
  "maxAmmo": 48,
  "inaccuracy": 1,
  "shots": 1,
  "targetAir": true,
  "targetGround": true,
  "shootCone": 0.08,
  "recoilAmount": 1,
  "restitution": 0.06,
  "rotateSpeed": 3,
  "shootSound": "missile",
  "powerUse": 1,
  "hasPower": true,
  "shootType": {
    "type": "BasicBulletType",
    "sprite": "exogenesis-sword",
    "collidesAir": false,
    "collidesGround": false,
    "collidesTiles": false,
    "absorbable": true,
    "shrinkY": 0,
    "shrinkX": 0,
    "speed": 3,
    "lifetime": 100,
    "drag": 0.04,
    "height": 16,
    "width": 7,
    "hitEffect": {
      "type": "WaveEffect",
      "lifetime": 25,
      "sizeFrom": 0,
      "sizeTo": 25,
      "strokeFrom": 4,
      "strokeTo": 0,
      "colorFrom": "202328FF",
      "colorTo": "FFFFFFFF"
    },
    "despawnEffect": {
      "type": "WaveEffect",
      "lifetime": 25,
      "sizeFrom": 0,
      "sizeTo": 25,
      "strokeFrom": 4,
      "strokeTo": 0,
      "colorFrom": "202328FF",
      "colorTo": "FFFFFFFF"
    },
    "splashDamage": 5,
    "splashDamageRadius": 20,
    "frontColor": "FFFFFFFF",
    "backColor": "202328FF",
    "fragBullets": 1,
    "fragCone": 1,
    "fragVelocityMin": 0.9,
    "fragVelocityMax": 0.9,
    "fragBullet": {
      "type": "BasicBulletType",
      "sprite": "exogenesis-sword",
      "height": 16,
      "width": 7,
      "shrinkX": 0,
      "shrinkY": 0,
      "lifetime": 100,
      "pierce": true,
      "speed": 3,
      "damage": 12,
      "pierceBuilding": true,
      "homingPower": 0.0856,
      "homingRange": 150,
      "mixColorTo": "202328FF",
      "frontColor": "FFFFFFFF",
      "backColor": "202328FF",
      "hitEffect": {
        "type": "ParticleEffect",
        "line": true,
        "particles": 5,
        "lifetime": 18,
        "length": 35,
        "cone": -360,
        "lenFrom": 10,
        "lenTo": 0,
        "colorFrom": "202328FF",
        "colorTo": "FFFFFFFF"
      },
      "despawnEffect": {
        "type": "WaveEffect",
        "lifetime": 25,
        "sizeFrom": 0,
        "sizeTo": 25,
        "strokeFrom": 4,
        "strokeTo": 0,
        "colorFrom": "202328FF",
        "colorTo": "FFFFFFFF"
      }
    }
  },
  "requirements": [
    {
      "item": "silicon",
      "amount": 17
    },
    {
      "item": "lead",
      "amount": 134
    }
  ],
  "category": "turret",
  "research": "duo"
}