{
  "type": "PowerTurret",
  "description": "[grey] Fires large homing soul plasma orbs that deal massive damage on impact",
  "localizedName": "Solitude",
  "size": 6,
  "health": 460,
  "range": 360,
  "reloadTime": 160,
  "inaccuracy": 2,
  "shots": 1,
  "targetAir": true,
  "targetGround": true,
  "shootCone": 1,
  "spread": 2,
  "recoilAmount": 1,
  "restitution": 0.08,
  "rotateSpeed": 1,
  "shootShake": 2,
  "shootSound": "plasmaboom",
  "chargeTime": 20,
  "chargeMaxDelay": 1,
  "chargeEffects": 1,
  "chargeEffect": {
    "type": "WaveEffect",
    "lifetime": 20,
    "sizeFrom": 30,
    "sizeTo": 0,
    "strokeFrom": 4,
    "strokeTo": 0,
    "colorFrom": "202328FF",
    "colorTo": "FFFFFFFF"
  },
  "chargeBeginEffect": {
    "type": "ParticleEffect",
    "particles": 1,
    "sizeFrom": 1,
    "sizeTo": 5,
    "length": 0,
    "lifetime": 20,
    "colorFrom": "202328FF",
    "colorTo": "FFFFFFFF",
    "cone": 360
  },
  "powerUse": 13,
  "hasPower": true,
  "shootType": {
    "type": "BasicBulletType",
    "sprite": "exogenesis-plasma",
    "hitSound": "laser",
    "damage": 300,
    "splashDamage": 80,
    "splashDamageRadius": 46,
    "lightningColor": "202328FF",
    "lightning": 10,
    "lightningLength": 13,
    "lightningDamage": 45,
    "hitShake": 3,
    "height": 20,
    "width": 20,
    "speed": 4,
    "lifetime": 120,
    "homingPower": 0.0769,
    "homingRange": 128,
    "shrinkX": 0,
    "shrinkY": 0,
    "spin": 8,
    "trailChance": 1,
    "trailEffect": {
      "type": "WaveEffect",
      "lifetime": 15,
      "sizeFrom": 8,
      "sizeTo": 0,
      "strokeFrom": 4,
      "strokeTo": 0,
      "colorFrom": "202328FF"
    },
    "hitEffect": {
      "type": "WaveEffect",
      "lifetime": 25,
      "sizeFrom": 0,
      "sizeTo": 35,
      "strokeFrom": 4,
      "strokeTo": 0,
      "colorFrom": "202328FF",
      "colorTo": "FFFFFFFF"
    },
    "despawnEffect": {
      "type": "WaveEffect",
      "lifetime": 25,
      "sizeFrom": 0,
      "sizeTo": 35,
      "strokeFrom": 4,
      "strokeTo": 0,
      "colorFrom": "202328FF",
      "colorTo": "FFFFFFFF"
    },
    "shootEffect": {
      "type": "WaveEffect",
      "lifetime": 20,
      "sizeFrom": 0,
      "sides": 8,
      "sizeTo": 40,
      "strokeFrom": 4,
      "strokeTo": 0,
      "colorFrom": "FFFFFFFF",
      "colorTo": "202328FF"
    },
    "pierce": false,
    "smokeEffect": "none",
    "frontColor": "FFFFFFFF",
    "backColor": "202328FF",
    "fragBullets": 6,
    "fragCone": 360,
    "fragBullet": {
      "type": "ShrapnelBulletType",
      "serrations": 1,
      "splashDamageRadius": 14,
      "length": 62,
      "width": 12,
      "fromColor": "FFFFFFFF",
      "toColor": "202328FF",
      "damage": 120
    }
  },
  "requirements": [
    "thorium/230",
    "epsilon-black/400",
    "surge-alloy/300",
    "plastanium/600",
    "silicon/370",
    "phase-fabric/600"
  ],
  "category": "turret",
  "research": "b-grim"
}