{
  "type": "powerTurret",
  "localizedName": "Celestial",
  "description": "[blue] A large super weapon class turret used by the Genesuxians to defend their home. Fires a spread of cold plasma comets that home in and deal massive damage",
  "details": "The power of the stars at your control.",
  "shots": 10,
  "size": 12,
  "health": 8789000,
  "reloadTime": 470,
  "heatColor": "FFFFFF",
  "range": 600,
  "burstSpacing": 7,
  "targetAir": true,
  "targetGround": true,
  "inaccuracy": 26,
  "shootCone": 20,
  "recoilAmount": 2,
  "restitution": 0.04,
  "rotateSpeed": 1,
  "shootSound": "plasmaboom",
  "powerUse": 37,
  "shootType": {
    "type": "basicBulletType",
    "sprite": "exogenesis-star-bullet",
    "spin": 9,
    "status": {
      "name": "c-celestial-celestial-blaze",
      "localizedName": "Celestial Blaze",
      "description": "You are being burnt away by starlight",
      "healthMultiplier": 0.6,
      "speedMultiplier": 0.9,
      "damageMultiplier": 0.6,
      "effectChance": 0.5,
      "damage": 0.8,
      "transitionDamage": 56,
      "opposites": [
        "burning",
        "melting"
      ],
      "affinities": [
        "freezing",
        "shocked"
      ],
      "effect": {
        "type": "ParticleEffect",
        "particles": 3,
        "offset": 30,
        "sizeFrom": 3,
        "sizeTo": 0,
        "length": 30,
        "lifetime": 20,
        "colorFrom": "A9D8FFFF",
        "colorTo": "66B1FFFF",
        "cone": 360
      }
    },
    "statusDuration": 400,
    "weaveMag": 2,
    "weaveScale": 8,
    "speed": 4,
    "shrinkY": 0,
    "shrinkX": 0,
    "lightning": 7,
    "lightningDamage": 40,
    "lightningColor": "A9D8FFFF",
    "lightningCone": 360,
    "lightningLengthRand": 5,
    "lightningLength": 2,
    "lifetime": 300,
    "damage": 4785,
    "height": 55,
    "width": 55,
    "shootEffect": {
      "type": "ParticleEffect",
      "particles": 19,
      "offset": 11,
      "sizeTo": 0,
      "length": 170,
      "lifetime": 28,
      "colorFrom": "A9D8FFFF",
      "colorTo": "66B1FFFF",
      "cone": 360
    },
    "hitEffect": {
      "type": "WaveEffect",
      "lifetime": 15,
      "sizeFrom": 0,
      "sizeTo": 50,
      "strokeFrom": 5,
      "strokeTo": 0,
      "colorFrom": "A9D8FFFF",
      "colorTo": "66B1FFFF"
    },
    "despawnEffect": {
      "type": "WaveEffect",
      "lifetime": 15,
      "sizeFrom": 0,
      "sizeTo": 50,
      "strokeFrom": 5,
      "strokeTo": 0,
      "colorFrom": "A9D8FFFF",
      "colorTo": "66B1FFFF"
    },
    "trailEffect": {
      "type": "ParticleEffect",
      "particles": 1,
      "length": 0,
      "lifetime": 28,
      "sizeFrom": 12,
      "region": "exogenesis-plasma-back",
      "colorFrom": "A9D8FFFF",
      "colorTo": "66B1FFAa"
    },
    "trailChance": 1,
    "collides": true,
    "collidesAir": true,
    "collidesTiles": true,
    "homingRange": 230,
    "homingPower": 0.0667,
    "splashDamageRadius": 54,
    "splashDamage": 136,
    "frontColor": "FFFFFF",
    "backColor": "A9D8FFFF",
    "fragBullets": 1,
    "fragCone": 1,
    "fragBullet": {
      "type": "ShrapnelBulletType",
      "serrations": 1,
      "splashDamageRadius": 14,
      "length": 82,
      "width": 23,
      "fromColor": "A9D8FFFF",
      "toColor": "66B1FFFF",
      "damage": 570
    }
  },
  "requirements": [
    "silicon/1700",
    "jupiteium/3000",
    "titanium/2750",
    "lead/2300",
    "omega-blue/3800",
    "phase-fabric/860",
    "xanium/1750",
    "osmium/850"
  ],
  "category": "turret",
  "research": "genesis-core",
  "name": "c-celestial"
}