{
  "type": "powerTurret",
  "description": "[blue]O.A.C. Orbital Acceleration Cannon. This turret was created by the Genesuxians. Fires large cold plasma comets at enemies which fragments in to smaller ones.",
  "details": "From a far away world, and now pointed at your enemies.",
  "localizedName": "Oac",
  "size": 8,
  "health": 8660,
  "reloadTime": 270,
  "range": 500,
  "shots": 1,
  "targetAir": true,
  "targetGround": true,
  "shootCone": 2,
  "spread": 1,
  "recoilAmount": 2,
  "restitution": 0.04,
  "rotateSpeed": 1,
  "shootSound": "plasmaboom",
  "powerUse": 27,
  "chargeSound": "lasercharge",
  "chargeTime": 80,
  "chargeEffects": 1,
  "chargeEffect": {
    "type": "ParticleEffect",
    "particles": 1,
    "sizeFrom": 1,
    "sizeTo": 15,
    "length": 0,
    "lifetime": 80,
    "colorFrom": "66B1FFFF",
    "colorTo": "A9D8FFFF",
    "cone": 360
  },
  "chargeBeginEffect": "none",
  "shootType": {
    "type": "basicBulletType",
    "sprite": "exogenesis-plasma",
    "status": "freezing",
    "statusDuration": 1000,
    "speed": 4,
    "lifetime": 280,
    "damage": 1885,
    "height": 28,
    "width": 28,
    "hitEffect": {
      "type": "WaveEffect",
      "lifetime": 20,
      "sizeFrom": 0,
      "sizeTo": 50,
      "strokeFrom": 0,
      "strokeTo": 4,
      "colorFrom": "A9D8FFFF",
      "colorTo": "66B1FFFF"
    },
    "despawnEffect": {
      "type": "WaveEffect",
      "lifetime": 20,
      "sizeFrom": 0,
      "sizeTo": 50,
      "strokeFrom": 0,
      "strokeTo": 4,
      "colorFrom": "A9D8FFFF",
      "colorTo": "66B1FFFF"
    },
    "trailEffect": {
      "type": "ParticleEffect",
      "particles": 1,
      "length": 0,
      "lifetime": 28,
      "sizeFrom": 18,
      "region": "exogenesis-plasma-back",
      "colorFrom": "A9D8FFFF",
      "colorTo": "66B1FFAA"
    },
    "trailChance": 1,
    "collides": true,
    "collidesAir": true,
    "collidesTiles": true,
    "homingRange": 230,
    "homingPower": 0.0667,
    "splashDamageRadius": 94,
    "splashDamage": 156,
    "frontColor": "A9D8FFFF",
    "backColor": "66B1FFFF",
    "fragBullets": 12,
    "fragCone": 360,
    "fragBullet": {
      "type": "BasicBulletType",
      "sprite": "exogenesis-plasma",
      "status": "freezing",
      "statusDuration": 1000,
      "splashDamageRadius": 30,
      "splashDamage": 106,
      "trailEffect": {
        "type": "ParticleEffect",
        "particles": 1,
        "length": 0,
        "lifetime": 24,
        "sizeFrom": 10,
        "region": "exogenesis-plasma-back",
        "colorFrom": "A9D8FFFF",
        "colorTo": "66B1FFAA"
      },
      "absorbable": true,
      "speed": 4,
      "lifetime": 120,
      "damage": 120,
      "homingRange": 200,
      "homingPower": 0.0767,
      "trailChance": 1,
      "height": 10,
      "width": 10,
      "hitEffect": {
        "type": "WaveEffect",
        "lifetime": 20,
        "sizeFrom": 0,
        "sizeTo": 20,
        "strokeFrom": 0,
        "strokeTo": 4,
        "colorFrom": "A9D8FFFF",
        "colorTo": "66B1FFFF"
      },
      "despawnEffect": {
        "type": "WaveEffect",
        "lifetime": 20,
        "sizeFrom": 0,
        "sizeTo": 20,
        "strokeFrom": 0,
        "strokeTo": 4,
        "colorFrom": "A9D8FFFF",
        "colorTo": "66B1FFFF"
      },
      "frontColor": "A9D8FFFF",
      "backColor": "66B1FFFF"
    }
  },
  "requirements": [
    "jupiteium/600",
    "lead/930",
    "silicon/500",
    "osmium/600",
    "titanium/800",
    "omega-blue/800"
  ],
  "category": "turret",
  "research": "c-halley",
  "name": "c-oac"
}