{
  "localizedName": "Sagittarius",
  "description": "Fires homing projectiles which pierce. Only targets air",
  "type": "PowerTurret",
  "researchCostMultiplier": 0.5,
  "squareSprite": false,
  "outlineColor": "36363CFF",
  "targetAir": true,
  "targetGround": false,
  "size": 4,
  "health": 500,
  "reload": 10,
  "range": 280,
  "shootY": 4,
  "minWarmup": 0.85,
  "shootWarmupSpeed": 0.05,
  "shoot": {
    "type": "shootAlternate",
    "barrels": 3,
    "shots": 3,
    "spread": 9
  },
  "drawer": {
    "type": "drawTurret",
    "basePrefix": "genesux-",
    "parts": [
      {
        "type": "RegionPart",
        "suffix": "-top",
        "layerOffset": 0.003,
        "outlineLayerOffset": -0.003,
        "mirror": false
      },
      {
        "type": "RegionPart",
        "under": true,
        "layerOffset": 0.001,
        "outlineLayerOffset": -0.001,
        "suffix": "-side",
        "children": [
          {
            "type": "RegionPart",
            "suffix": "-bottom",
            "mirror": true,
            "progress": "warmup"
          }
        ],
        "moveY": -2,
        "moveX": 4,
        "moveRot": -12,
        "mirror": true,
        "progress": "warmup"
      },
      {
        "type": "RegionPart",
        "suffix": "-body",
        "moveRot": -8,
        "moveX": 1.5,
        "mirror": true,
        "progress": "warmup"
      }
    ]
  },
  "recoil": 1.7,
  "rotateSpeed": 3,
  "shootSound": "bolt",
  "consumes": {
    "power": 12
  },
  "hasPower": true,
  "shootType": {
    "type": "BasicBulletType",
    "speed": 6,
    "lifetime": 50,
    "shootEffect": {
      "type": "multiEffect",
      "effects": [
        {
          "type": "ParticleEffect",
          "particles": 6,
          "length": 40,
          "cone": 10,
          "lifetime": 56,
          "interp": "circleOut",
          "colorFrom": "A9D8FFFF",
          "colorTo": "66B1FFFF",
          "sizeFrom": 3.5,
          "sizeTo": 0
        },
        {
          "type": "ParticleEffect",
          "line": true,
          "particles": 5,
          "cone": 10,
          "lifetime": 55,
          "length": 75,
          "lenFrom": 8,
          "lenTo": 0,
          "colorFrom": "A9D8FFFF",
          "colorTo": "66B1FFFF"
        }
      ]
    },
    "hitEffect": {
      "type": "multiEffect",
      "effects": [
        {
          "type": "WaveEffect",
          "lifetime": 25,
          "sizeFrom": 0,
          "sizeTo": 20,
          "strokeFrom": 3.5,
          "strokeTo": 0,
          "colorFrom": "A9D8FFFF",
          "colorTo": "66B1FFFF"
        },
        {
          "type": "ParticleEffect",
          "line": true,
          "particles": 5,
          "cone": 10,
          "lifetime": 55,
          "length": 75,
          "lenFrom": 8,
          "lenTo": 0,
          "colorFrom": "A9D8FFFF",
          "colorTo": "66B1FFFF"
        }
      ]
    },
    "despawnHit": true,
    "frontColor": "E4FDFFFF",
    "backColor": "66B1FFFF",
    "trailColor": "66B1FFFF",
    "trailParam": 5,
    "trailLength": 10,
    "trailWidth": 1.5,
    "trailEffect": "none",
    "status": "freezing",
    "damage": 32,
    "pierce": true,
    "homingPower": 0.2,
    "homingRange": 100,
    "width": 8,
    "height": 15,
    "shrinkY": 0,
    "shrinkX": 0,
    "sprite": "exogenesis-energy-projectile"
  },
  "requirements": [
    "stellar-steel/600",
    "lead/840",
    "astrolite/300",
    "silicon/500"
  ],
  "category": "turret",
  "research": "c-astrology"
}
