{
  "type": "PowerTurret",
  "researchCostMultiplier": 0.1,
  "size": 1,
  "health": 240,
  "reload": 35,
  "range": 82,
  "xRand": 6,
  "shoot": {
    "type": "shootPattern",
    "shots": 4,
    "shotDelay": 3
  },
  "drawer": {
    "type": "drawTurret",
    "basePrefix": "genesux-"
  },
  "rotateSpeed": 5,
  "shootSound": "laser",
  "consumes": {
    "power": 1
  },
  "hasPower": true,
  "shootType": {
    "type": "BasicBulletType",
    "speed": 5,
    "spin": 8,
    "shootEffect": {
      "type": "ParticleEffect",
      "particles": 1,
      "sizeFrom": 3.5,
      "sizeTo": 0,
      "length": 0,
      "spin": 3,
      "interp": "swing",
      "lifetime": 100,
      "region": "exogenesis-star",
      "colorFrom": "A9D8FFFF",
      "colorTo": "A9D8FFFF"
    },
    "lifetime": 20,
    "frontColor": "A9D8FFFF",
    "backColor": "66B1FFFF",
    "trailColor": "66B1FFFF",
    "weaveMag": 2.2,
    "weaveScale": 7,
    "trailParam": 5,
    "trailLength": 8,
    "trailWidth": 1.5,
    "trailEffect": "none",
    "status": "freezing",
    "damage": 5,
    "homingPower": 0.0789,
    "homingRange": 150,
    "despawnEffect": {
      "type": "ParticleEffect",
      "line": true,
      "particles": 5,
      "lifetime": 10,
      "length": 35,
      "cone": -360,
      "lenFrom": 5,
      "lenTo": 0,
      "colorFrom": "A9D8FFFF",
      "colorTo": "66B1FFFF"
    },
    "hitEffect": {
      "type": "ParticleEffect",
      "line": true,
      "particles": 5,
      "lifetime": 10,
      "length": 35,
      "cone": -360,
      "lenFrom": 5,
      "lenTo": 0,
      "colorFrom": "A9D8FFFF",
      "colorTo": "66B1FFFF"
    },
    "width": 9,
    "height": 9,
    "shrinkY": 0,
    "shrinkX": 0,
    "sprite": "exogenesis-star-bullet"
  },
  "requirements": [
    "copper/30",
    "lead/100"
  ],
  "category": "turret",
  "research": "c-astral"
}
