{
"type": "LaserTurret",
"category": "turret",
"research": {
"parent": "c-nebula",
"objectives": [
"c-stellar",
"c-halley"
]
},
"size": 5,
"health": 3880,
"reload": 700,
"shootY": 10,
"range": 350,
"shootDuration": 300,
"cooldownTime": 600,
"recoil": 2,
"minWarmup": 0.85,
"shootWarmupSpeed": 0.07,
"consumes": {
"power": 24
},
"drawer": {
"type": "drawTurret",
"parts": [
{
"type": "shapePart",
"progress": {
"type": "charge",
"op": "blend",
"other": "recoil",
"amount": 0.5
},
"y": 9,
"circle": true,
"layer": 114,
"color": "ffFFFFff",
"radiusTo": 4.5,
"radius": 0
},
{
"type": "shapePart",
"progress": {
"type": "charge",
"op": "blend",
"other": "recoil",
"amount": 0.5
},
"y": 9,
"circle": true,
"layer": 110,
"color": "66B1FFFF",
"radiusTo": 6,
"radius": 0
},
{
"type": "shapePart",
"progress": {
"type": "charge",
"op": "blend",
"other": "recoil",
"amount": 0.5
},
"moveY": -5,
"circle": true,
"layer": 114,
"color": "ffFFFFff",
"radiusTo": 5.5,
"radius": 0
},
{
"type": "shapePart",
"progress": {
"type": "charge",
"op": "blend",
"other": "recoil",
"amount": 0.5
},
"moveY": -5,
"circle": true,
"layer": 110,
"color": "66B1FFFF",
"radiusTo": 7,
"radius": 0
},
{
"type": "RegionPart",
"suffix": "-body-top",
"outlineLayerOffset": -2,
"heatColor": "66B1Ff",
"layerOffset": 1,
"heatLayerOffset": 1,
"progress": {
"type": "charge",
"op": "blend",
"other": "recoil",
"amount": 0.5
},
"moveY": -5
},
{
"type": "FlarePart",
"progress": "recoil",
"y": 11,
"color1": "66B1Ff",
"stroke": 2.5,
"radius": 0,
"radiusTo": 65
}
{
"type": "RegionPart",
"suffix": "-barrel",
"mirror": true,
"outlineLayerOffset": -1,
"moves": [
{
"type": "PartMove",
"progress": {
"type": "charge",
"op": "delay",
"amount": 0.65
},
"y": -4
}
],
"progress": {
"type": "charge",
"op": "blend",
"other": "recoil",
"amount": 0.5
},
"moveX": 3
},
{
"type": "RegionPart",
"outlineLayerOffset": -1,
"moves": [
{
"type": "PartMove",
"progress": {
"type": "recoil",
"op": "blend",
"other": "reload",
"amount": 0.5
},
"y": -4
}
],
"suffix": "-body"
},
{
"type": "RegionPart",
"mirror": true,
"suffix": "-bottom-seg",
"outlineLayerOffset": -2,
"layerOffset": 1,
"progress": {
"type": "charge",
"op": "blend",
"other": "recoil",
"amount": 0.5
},
"moveY": -5,
"moveRot": 9
},
{
"type": "RegionPart",
"suffix": "-bodyseg2",
"under": true,
"mirror": true,
"progress": {
"type": "charge",
"op": "blend",
"other": "recoil",
"amount": 0.5
},
"moves": [
{
"type": "PartMove",
"progress": {
"type": "recoil",
"op": "blend",
"other": "reload",
"amount": 0.5
},
"rot": -16
}
],
"moveX": 3,
"moveY": -3
},
{
"type": "RegionPart",
"suffix": "-bodyseg1",
"under": true,
"mirror": true,
"progress": {
"type": "charge",
"op": "blend",
"other": "recoil",
"amount": 0.5
},
"moves": [
{
"type": "PartMove",
"progress": {
"type": "recoil",
"op": "blend",
"other": "reload",
"amount": 0.5
},
"rot": -12
}
],
"moveX": 2.5,
"moveY": 2.5
},
{
"type": "RegionPart",
"suffix": "-bottom-barrel",
"layerOffset": -1,
"under": true,
"progress": {
"type": "charge",
"op": "blend",
"other": "recoil",
"amount": 0.5
},
"moves": [
{
"type": "PartMove",
"progress": {
"type": "recoil",
"op": "blend",
"other": "reload",
"amount": 0.5
},
"y": -3
}
],
"moveY": -4
}
]
},
"moveWhileCharging": true,
"update": true,
"hasPower": true,
"chargeSound": "lasercharge2",
"shoot": {
"firstShotDelay": 180
},
"shake": 4,
"shootSound": "none",
"rotateSpeed": 1.3,
"shootType":{
"type":"ContinuousLaserBulletType",
"damage": 150,
"width": 7.8,
"oscScl": 0.5,
"oscMag": 1.8,
"length": 350,
"status": "high-energy-blast",
"colors": ["2E76FF90", "66B1Ffaa", "A9D8FFFF", "E1F2FFFF", "FFFFFFF"],
"statusDuration": 60,
"pointyScaling": 0.8,
"hitEffect": {
"type": "ParticleEffect",
"particles": 4,
"lifetime": 30,
"length": 32,
"cone": 360,
"sizeFrom": 4.3,
"sizeTo": 0,
"colorFrom": "E1F2FFFF",
"colorTo": "66B1Ff"
},
"drawSize": 260,
"chargeEffect": {
"rotWithParent": true,
"type": "multiEffect",
"lifetime": 180,
"effects": [
{
"type": "WaveEffect",
"lifetime": 40,
"startDelay": 130,
"sizeFrom": 65,
"sizeTo": 0,
"strokeFrom": 0,
"strokeTo": 2,
"colorFrom": "66B1Ff",
"colorTo": "66B1Ff"
},
{
"type": "WaveEffect",
"lifetime": 40,
"startDelay": 100,
"sizeFrom": 65,
"sizeTo": 0,
"strokeFrom": 0,
"strokeTo": 2,
"colorFrom": "66B1Ff",
"colorTo": "66B1Ff"
},
{
"type": "WaveEffect",
"lifetime": 40,
"startDelay": 80,
"sizeFrom": 65,
"sizeTo": 0,
"strokeFrom": 0,
"strokeTo": 2,
"colorFrom": "66B1Ff",
"colorTo": "66B1Ff"
},
{
"type": "WaveEffect",
"lifetime": 40,
"startDelay": 80,
"sizeFrom": 65,
"sizeTo": 0,
"strokeFrom": 0,
"strokeTo": 2,
"colorFrom": "66B1Ff",
"colorTo": "66B1Ff"
}
]
},
"intervalBullets": 2,
"intervalRandomSpread": 15,
"bulletInterval": 2.7,
"intervalBullet": {
"type": "BulletType",
"lightningColor": "66B1Ff",
"lightning": 1,
"lightningCone": 8,
"lightningLengthRand": 30,
"damage": 38,
"lightningLength": 25
"despawnHit": true,
"hitEffect": {
"type":"multiEffect",
"rotWithParent": true,
"effects":[
{
"type": "ParticleEffect",
"line": true,
"particles": 3,
"lifetime": 21,
"length": 85,
"cone": -25,
"strokeFrom": 2,
"strokeTo": 0.8,
"lenFrom": 10,
"lenTo": 7,
"colorFrom": "E1F2FFFF",
"colorTo": "66B1Ff"
},
{
"type": "ParticleEffect",
"line": true,
"particles": 2,
"lifetime": 27,
"length": 65,
"cone": -19,
"strokeFrom": 2,
"strokeTo": 0.8,
"lenFrom": 10,
"lenTo": 10,
"colorFrom": "E1F2FFFF",
"colorTo": "66B1Ff"
},
{
"type": "ParticleEffect",
"particles": 1,
"lifetime": 30,
"offsetX": -14,
"length": 22,
"cone": 360,
"sizeFrom": 4.3,
"sizeTo": 0,
"colorFrom": "E1F2FFFF",
"colorTo": "66B1Ff"
},
{
"type": "ParticleEffect",
"particles": 1,
"lifetime": 30,
"offsetX": -14,
"length": 18,
"cone": 360,
"sizeFrom": 2.3,
"sizeTo": 0,
"colorFrom": "E1F2FFFF",
"colorTo": "66B1Ff"
},
{
"type": "ParticleEffect",
"particles": 2,
"lifetime": 26,
"length": 105,
"cone": 50,
"sizeFrom": 6,
"sizeTo": 0,
"colorFrom": "E1F2FFFF",
"colorTo": "66B1Ff"
}
]
},
"lifetime": 0
}
},
"requirements": [
"terrilium/400",
"osmium/400",
"siratla-diamond/300",
"silicon/1000",
"stellar-steel/600"
]
}