{
  "type": "powerTurret",
  "description": "[acid]A weapon used by the Quantra to defend their home world from outside threats. Fires powerful gamma plasma orbs that shatter into tridents.",
  "localizedName": "Neptune",
  "size": 11,
  "health": 10000,
  "reloadTime": 400,
  "range": 500,
  "shootCone": 20,
  "targetAir": false,
  "targetGround": true,
  "placeableLiquid": "true",
  "shootLength": 14,
  "rotateSpeed": 1.5,
  "shots": 2,
  "recoilAmount": 6,
  "restitution": 0.08,
  "shootSound": "plasmaboom",
  "powerUse": 25,
  "hasPower": true,
  "shootType": {
    "type": "LaserBulletType",
    "colors": [
      "77D336AA",
      "C2FF70FF",
      "FFFFFFFF"
    ],
    "buildingDamageMultiplier": 1,
    "length": 500,
    "width": 58,
    "damage": 22630,
    "lifetime": 38,
    "lightningSpacing": 18,
    "lightningLength": 5,
    "lightningDelay": 0.5,
    "lightningLengthRand": 10,
    "lightningDamage": 120,
    "lightningAngleRand": 40,
    "lightningColor": "C2FF70FF",
    "collidesTiles": true,
    "lightColor": "C2FF70FF",
    "lightRadius": 20,
    "shootEffect": {
      "type": "WaveEffect",
      "lifetime": 15,
      "sizeFrom": 0,
      "sizeTo": 50,
      "strokeFrom": 0,
      "strokeTo": 4,
      "colorTo": "77D336FF",
      "colorFrom": "C2FF70FF"
    },
    "hitEffect": {
      "type": "WaveEffect",
      "lifetime": 36,
      "sizeFrom": 60,
      "sizeTo": 60,
      "strokeFrom": 7,
      "strokeTo": 0,
      "colorTo": "77D336FF",
      "colorFrom": "C2FF70FF"
    },
    "smokeEffect": "smokeCloud",
    "largeHit": true,
    "sideAngle": 35,
    "sideWidth": 1,
    "sideLength": 20,
    "statusDuration": 800,
    "status": "slow"
  },
  "requirements": [
    "lead/1000",
    "phase-fabric/500",
    "metaglass/400",
    "jupiteium/640",
    "silicon/800",
    "xanium/680",
    "gamma-green/600",
    "surge-alloy/500"
  ],
  "category": "turret",
  "research": "g-ocean",
  "name": "g-neptune"
}