{
  "type": "PowerTurret",
  "localizedName": "Dark Matter Bolter",
  "description": "[purple]Fires out bursts of dark matter bolts in a random direction.",
  "size": 4,
  "health": 880,
  "reloadTime": 120,
  "range": 200,
  "inaccuracy": 15,
  "shots": 35,
  "recoilAmount": 0,
  "burstSpacing": 0.5,
  "heatColor": "FFFFFF",
  "shootEffect": {
    "type": "ParticleEffect",
    "line": true,
    "particles": 5,
    "lifetime": 30,
    "length": 35,
    "cone": -360,
    "lenFrom": 8,
    "lenTo": 0,
    "colorFrom": "A170F4FF",
    "colorTo": "A170F4FF"
  },
  "targetAir": true,
  "targetGround": true,
  "shootCone": 30,
  "shootLength": 0,
  "rotateSpeed": 0,
  "shootSound": "laser",
  "powerUse": 20,
  "hasPower": true,
  "shootType": {
    "type": "BasicBulletType",
    "sprite": "exogenesis-armored-bullet",
    "absorbable": true,
    "shrinkY": 0,
    "shrinkX": 0,
    "speed": 5,
    "pierce": true,
    "lifetime": 40,
    "damage": 80,
    "height": 20,
    "width": 15,
    "homingPower": 0.0556,
    "homingRange": 40,
    "trailLength": 16,
    "trailWidth": 4,
    "trailParam": 5,
    "trailColor": "774ACFFF",
    "trailEffect": "none",
    "hitEffect": {
      "type": "WaveEffect",
      "lifetime": 25,
      "sizeFrom": 0,
      "sizeTo": 10,
      "strokeFrom": 4,
      "strokeTo": 0,
      "colorFrom": "774ACFFF",
      "colorTo": "A170F4FF"
    },
    "despawnEffect": {
      "type": "WaveEffect",
      "lifetime": 25,
      "sizeFrom": 0,
      "sizeTo": 10,
      "strokeFrom": 4,
      "strokeTo": 0,
      "colorFrom": "774ACFFF",
      "colorTo": "A170F4FF"
    },
    "frontColor": "A170F4FF",
    "backColor": "774ACFFF"
  },
  "requirements": [
    "xanium/200",
    "surge-alloy/300",
    "rutuxium/500",
    "osmium/600",
    "silicon/370",
    "titanium/600"
  ],
  "category": "turret",
  "research": "p-vortex",
  "alternate": true,
  "spread": 3
}