{
  "type": "PowerTurret",
  "localizedName": "Dark Matter Launcher",
  "description": "[purple]Launches dark matter missiles at enemies.",
  "size": 5,
  "health": 880,
  "reloadTime": 190,
  "range": 270,
  "shots": 1,
  "shootLength": 0,
  "shootEffect": {
    "type": "ParticleEffect",
    "line": true,
    "particles": 14,
    "lifetime": 30,
    "length": 35,
    "cone": -360,
    "lenFrom": 8,
    "lenTo": 0,
    "colorFrom": "A170F4FF",
    "colorTo": "A170F4FF"
  },
  "targetAir": true,
  "targetGround": true,
  "shootCone": 360,
  "recoilAmount": 2,
  "restitution": 0.2,
  "rotateSpeed": 2,
  "shootSound": "laser",
  "powerUse": 35,
  "hasPower": true,
  "shootType": {
    "type": "MissileBulletType",
    "sprite": "missile-large",
    "damage": 468,
    "splashDamageRadius": 46,
    "splashDamage": 56,
    "speed": 4.5,
    "lifetime": 75,
    "lightningColor": "A170F4FF",
    "lightning": 10,
    "lightningLength": 7,
    "lightningLengthRand": 9,
    "lightningDamage": 45,
    "height": 25,
    "width": 15,
    "weaveScale": 0.1,
    "weaveMag": 0.1,
    "trailEffect": "none",
    "trailLength": 10,
    "trailWidth": 3,
    "trailParam": 5,
    "trailColor": "774ACFFF",
    "pierce": false,
    "homingPower": 0.00456,
    "homingRange": 55,
    "frontColor": "A170F4FF",
    "backColor": "774ACFFF",
    "hitEffect": {
      "type": "ParticleEffect",
      "particles": 10,
      "offset": 11,
      "sizeFrom": 5,
      "sizeTo": 0,
      "length": 25,
      "lifetime": 18,
      "colorFrom": "A170F4FF",
      "colorTo": "774ACFFF",
      "cone": 360
    },
    "despawnEffect": {
      "type": "ParticleEffect",
      "particles": 10,
      "offset": 11,
      "sizeFrom": 5,
      "sizeTo": 0,
      "length": 25,
      "lifetime": 18,
      "colorFrom": "A170F4FF",
      "colorTo": "774ACFFF",
      "cone": 360
    },
    "smokeEffect": "smokeCloud",
    "fragBullets": 15,
    "fragCone": 360,
    "fragBullet": {
      "type": "MissileBulletType",
      "damage": 58,
      "splashDamageRadius": 8,
      "splashDamage": 16,
      "speed": 4.5,
      "lifetime": 50,
      "height": 12,
      "width": 12,
      "weaveScale": 4,
      "weaveMag": 4,
      "trailEffect": "none",
      "trailLength": 10,
      "trailWidth": 3,
      "trailParam": 5,
      "trailColor": "774ACFFF",
      "pierce": false,
      "homingPower": 0.00456,
      "homingRange": 55,
      "frontColor": "A170F4FF",
      "backColor": "774ACFFF",
      "hitEffect": {
        "type": "ParticleEffect",
        "particles": 10,
        "offset": 11,
        "sizeFrom": 5,
        "sizeTo": 0,
        "length": 25,
        "lifetime": 18,
        "colorFrom": "A170F4FF",
        "colorTo": "774ACFFF",
        "cone": 360
      },
      "despawnEffect": {
        "type": "ParticleEffect",
        "particles": 10,
        "offset": 11,
        "sizeFrom": 5,
        "sizeTo": 0,
        "length": 25,
        "lifetime": 18,
        "colorFrom": "A170F4FF",
        "colorTo": "774ACFFF",
        "cone": 360
      }
    }
  },
  "requirements": [
    "plastanium/200",
    "surge-alloy/300",
    "rutuxium/400",
    "jupiteium/600",
    "silicon/370",
    "lead/600"
  ],
  "category": "turret",
  "research": "p-dark-matter-discharger"
}