{
 "type": "TractorBeamTurret",
 "localizedName": "Drainer",
 "description": "[purple]Drains units health with a beam that inflicts them with Sapped.",
 "range": 200,
 "size": 2,
 "health": 300,
 "targetGround": true,
 "shootLength": 10,
 "force": 25,
 "scaledForce": 25,
 "damage": 2.5,
 "laserWidth": 1,
 "statusDuration": 10,
 "status": "sapped",
 "consumes": {
  "power": 3.2
},
 "category": "turret",
 "research": "p-accelerator",
 "requirements": [
  "lead/250",
  "vurtimite/200",
  "titanium/125",
  "osmium/75"
  ]
}
