{
"localizedName": "Singularity Charger",
"description": "[purple]Creates a unstable micro singularity that it fire out at enemies dealing massive damage.",
"details":"It shoots singularities.",
"type": "PowerTurret",
"size": 7,
"health": 1000,
"range": 500,
"reloadTime": 240,
"shootSound": "bigLaserShoot",
"rotateSpeed": 2,
"shootCone": 20,
"shootShake": 2.5,
"cooldown": 0.00489,
"targetAir": true,
"targetGround": true,
"heatColor": "FFFFFF",
"recoilAmount": 3,
"hasPower": true,
"powerUse": 67,
	"chargeSound": "lasercharge",
	"chargeTime" : 80,
	"chargeEffects" : 1,
	"chargeBeginEffect": {
    "type": "ParticleEffect",
    "particles": 1,
    "sizeFrom": 0,
    "sizeTo": 10,
    "length": 0,
    "lifetime": 80,
    "colorFrom": "A170F4FF",
    "colorTo": "180F2AFF",
    "cone": 360
    },
	  "chargeEffect": {
	  "type": "MultiEffect",
	  "effects": [
	  {     
    "type": "WaveEffect",
    "lifetime": 80,
    "sizeFrom": 0,
    "sizeTo": 40,
    "strokeFrom": 4,
    "strokeTo": 0,
    "colorFrom": "A170F4FF",
    "colorTo": "180F2AFF"
	   },
	   {     
    "type": "ParticleEffect",
    "particles": 10,
    "sizeFrom": 5,
    "sizeTo": 0,
    "length": 45,
    "baseLength": -45,
    "lifetime": 80,
    "colorFrom": "A170F4FF",
    "colorTo": "180F2AFF",
    "cone": 360
	   }
	   ]
	   },
    "shootType": {
    "type": "BasicBulletType",
    "sprite": "circle-bullet",
    "status": {
    "localizedName": "Singularity Warped",
    "name": "singularity-warped",
    "description": "The power of a singularity is warping you",
    "transitionDamage": 36,
    "affinities": ["slow", "unmoving"],
    "damage": 0.2,
    "effect": {
    "type": "WaveEffect",
    "lifetime": 15,
    "sizeFrom": 0,
    "sizeTo": 4,
    "strokeFrom": 3,
    "strokeTo": 0,
    "colorFrom": "A170F4FF",
    "colorTo": "180F2AFF"
    },
    "speedMultiplier": 0.52,
    "reloadMultiplier": 0.35,
    "healthMultiplier": 0.70
    },
    "statusDuration": 300,
    "speed": 2.6,
	  "lightningColor": "A170F4FF",
	  "lightning": 10,
	  "lightningLength": 7,
	  "lightningLengthRand": 9,
	  "lightningDamage": 45,
    "lifetime": 170,
    "damage": 3885,
    "height": 38,
    "spin": 15,
    "width": 38,
    "shrinkY": 0.2,
    "shrinkX": 0.2,
    "hitEffect": {
    "type": "ExplosionEffect",  
    "waveColor": "774ACFFF",
    "sparkColor": "774ACFFF",
    "smokeColor": "3D344EA4",
    "smokes": 40,
    "smokeSize": 18.0,	
    "smokeSizeBase": 10.6,
    "smokeRad": 73,	
    "waveLife": 50,
    "waveStroke": 2,
    "waveRad": 165,
    "waveRadBase": 2.0,
    "sparkLen": 25,
    "sparks": 40
    },
    "despawnEffect": {
    "type": "ExplosionEffect",  
    "waveColor": "774ACFFF",
    "sparkColor": "774ACFFF",
    "smokeColor": "3D344EA4",
    "smokes": 40,
    "smokeSize": 18.0,	
    "smokeSizeBase": 10.6,
    "smokeRad": 73,	
    "waveLife": 50,
    "waveStroke": 2,
    "waveRad": 165,
    "waveRadBase": 2.0,
    "sparkLen": 25,
    "sparks": 40
    },
  "lightColor": "A170F4FF",
  "trailColor": "A170F4FF",
  "trailParam": 5,
  "trailLength": 23,
  "trailWidth": 5,
  "homingPower": 0.00756,
  "homingRange": 80,
  "splashDamageRadius": 140,
  "splashDamage": 600,
  "trailChance": 0.3,
  "trailEffect": {
    "type": "multiEffect",
    "lifetime": 120,
    "effects": [
    {
    "type": "ParticleEffect",
    "particles": 1,
    "sizeFrom": 3.5,
    "sizeTo": 3,
    "length": 22,
    "baseLength": 22,
    "lifetime": 30,
    "region": "exogenesis-rune2",
    "lightColor": "A170F4FF",
    "colorFrom": "A170F4FF",
    "colorTo": "A170F400"
    },
    {
    "type": "ParticleEffect",
    "particles": 1,
    "sizeFrom": 3.4,
    "sizeTo": 3,
    "length": 22,
    "baseLength": 22,
    "lifetime": 30,
    "region": "exogenesis-rune3",
    "lightColor": "A170F4FF",
    "colorFrom": "A170F4FF",
    "colorTo": "A170F400"
    },
    {
    "type": "ParticleEffect",
    "particles": 1,
    "sizeFrom": 3.3,
    "sizeTo": 3,
    "length": 22,
    "baseLength": 22,
    "lifetime": 30,
    "region": "exogenesis-rune4",
    "lightColor": "A170F4FF",
    "colorFrom": "A170F4FF",
    "colorTo": "A170F400"
    },
    {
    "type": "ParticleEffect",
    "particles": 1,
    "sizeFrom": 3.2,
    "sizeTo": 3,
    "length": 22,
    "baseLength": 22,
    "lifetime": 30,
    "region": "exogenesis-rune5",
    "lightColor": "A170F4FF",
    "colorFrom": "A170F4FF",
    "colorTo": "A170F400"
    },
    {
    "type": "ParticleEffect",
    "particles": 1,
    "sizeFrom": 3.1,
    "sizeTo": 3,
    "length": 22,
    "baseLength": 22,
    "lifetime": 30,
    "region": "exogenesis-rune6",
    "lightColor": "A170F4FF",
    "colorFrom": "A170F4FF",
    "colorTo": "A170F400"
    }
    ]
  },
  "frontColor": "180F2AFF",
  "backColor": "A170F4FF",
	"fragBullets": 8,
	"fragCone": 360,
	"fragBullet": {
  "type": "BasicBulletType",
  "sprite": "exogenesis-plasma",
	"lightningColor": "A170F4FF",
	"lightning": 10,
	"lightningLength": 6,
	"lightningDamage": 24,
    "splashDamageRadius": 30,
    "splashDamage": 86,
    "absorbable": false,
    "speed": 2.5,
    "shrinkY": 0.5,
    "shrinkX": 0.5,
    "lifetime": 70,
    "damage": 120,
    "homingRange": 200,
    "homingPower": 0.0767,
    "drag": 0.001,
    "height": 15,
    "width": 15,
    "hitEffect": {
    "type": "WaveEffect",
    "lifetime": 20,
    "sizeFrom": 0,
    "sizeTo": 20,
    "strokeFrom": 0,
    "strokeTo": 4,
    "colorFrom": "A170F4FF",
    "colorTo": "180F2AFF"
    },
    "despawnEffect": {
    "type": "WaveEffect",
    "lifetime": 20,
    "sizeFrom": 0,
    "sizeTo": 20,
    "strokeFrom": 0,
    "strokeTo": 4,
    "colorFrom": "A170F4FF",
    "colorTo": "180F2AFF"
    },
  "frontColor": "180F2AFF",
  "backColor": "A170F4FF"
	}
    },
    "requirements": [
        "titanium/900",
        "jupiteium/600",
        "plastanium/600",
        "osmium/750",
        "xanium/800",
        "rutuxium/1000"
    ],
    "category": "turret",
    "research": "p-dark-matter-launcher"
}
