{
    "type": "PowerTurret",
    "description": "[purple]An A.A energy turret that fires energy cluster bombs at air borne units",
    "localizedName": "Vortex",
    "size": 3,
    "health": 840,
    "reloadTime": 60,
    "range": 340,
    "burstSpacing": 3,
    "inaccuracy": 7,
    "shots": 3,
    "targetAir": true,
    "targetGround": false,
    "shootCone": 20,
    "recoilAmount": 1,
    "restitution": 0.06,
    "rotateSpeed": 3,
    "hasPower": true,
    "powerUse": 18,
    "shootSound": "laser",
    "shootType": {
      "type": "FlakBulletType",
      "sprite": "exogenesis-bomb-bolt",
      "explodeRange": 25,
      "collidesAir": true,
      "collidesGround": false,
      "shrinkX": 0,
      "shrinkY": 0,
      "spin": 10,
      "speed": 6,
      "drag" : 0.002,
      "lifetime": 57,
      "damage": 58,
      "splashDamage": 90,
      "splashDamageRadius": 37,
      "knockback": 0.8,
      "height": 15,
      "width": 15,
      "frontColor": "A170F4FF",
      "backColor": "774ACFFF",
      "shootEffect": "shootBig",
      "hitEffect": {
      "type": "ParticleEffect",
      "particles": 10,
      "offset": 11,
      "sizeFrom": 3.5,
      "sizeTo": 0,
      "length": 25,
      "lifetime": 18,
      "colorFrom": "A170F4FF",
      "colorTo": "774ACFFF",
      "cone": 360  
      },
      "despawnEffect": {
      "type": "ParticleEffect",
      "particles": 10,
      "offset": 11,
      "sizeFrom": 3.5,
      "sizeTo": 0,
      "length": 25,
      "lifetime": 18,
      "colorFrom": "A170F4FF",
      "colorTo": "774ACFFF",
      "cone": 360  
      },
      "smokeEffect": "none",
      "fragBullets": 4,
      "fragBullet": {
      "type": "BasicBulletType",
      "collidesGround" : false,
      "collidesAir" : true,
      "damage": 40,
      "splashDamage": 40,
      "splashDamageRadius": 20,
      "frontColor": "A170F4FF",
      "backColor": "774ACFFF",
      "height": 10,
      "width": 6,
      "lifetime": 10,
      "shrinkX": 0,
      "speed": 3,
      "drag" : 0.04
      }
    },
    "requirements": [
        "plastanium/400",
        "vurtimite/470",
        "silicon/300",
        "titanium/280",
        "osmium/270",
        "thorium/300"
    ],
    "category": "turret",
    "research": "p-drainer"
}
