{
  "type": "PowerTurret",
  "researchCostMultiplier": 0.3,
  "size": 2,
  "health": 1500,
  "armor": 10,
  "outlineColor": "1B1B1BFF",
  "range": 120,
  "reload": 120,
  "coolant": {
    "type": "ConsumeLiquid",
    "liquid": "slag",
    "amount": 0.4
  },
  "coolantMultiplier": 2,
  "shootSound": "laser",
  "rotateSpeed": 3,
  "consumes": {
    "power": 8
  },
  "shake": 2.5,
  "drawer": {
    "type": "drawTurret",
    "basePrefix": "solran-"
  },
  "heatColor": "5B4CB0FF",
  "recoil": 2,
  "shootType": {
    "buildingDamageMultiplier": 0.3,
    "type": "LaserBulletType",
    "colors": [
      "FF5845FF",
      "FFC1BBFF",
      "FFFFFFF"
    ],
    "laserEffect": {
      "type": "ParticleEffect",
      "particles": 1,
      "lifetime": 15,
      "length": 0,
      "interp": "swingIn",
      "region": "exogenesis-tall",
      "sizeFrom": 26,
      "sizeTo": 0,
      "colorFrom": "FF5845FF",
      "colorTo": "FF5845FF"
    },
    "length": 120,
    "width": 34,
    "status": "exogenesis-molten1",
    "damage": 185,
    "lightColor": "FF5845FF",
    "lightRadius": 10,
    "shootEffect": {
      "type": "ParticleEffect",
      "particles": 1,
      "lifetime": 15,
      "length": 0,
      "interp": "swingIn",
      "region": "exogenesis-tall",
      "sizeFrom": 20,
      "sizeTo": 0,
      "colorFrom": "FF5845FF",
      "colorTo": "FF5845FF"
    },
    "smokeEffect": "none",
    "sideAngle": 25,
    "sideWidth": 15,
    "sideLength": 0
  },
  "requirements": [
    "beryllium/90",
    "silicon/120",
    "volcanite/100"
  ],
  "category": "turret",
  "research": "r-hel"
}
