{
  "type": "PowerTurret",
  "researchCostMultiplier": 0.1,
  "size": 1,
  "health": 1000,
  "armor": 4,
  "reload": 60,
  "recoil": 2,
  "outlineColor": "1B1B1BFF",
  "rotateSpeed": 5,
  "shootSound": "blaster",
  "drawer": {
    "type": "drawTurret",
    "basePrefix": "solran-"
  },
  "shootEffect": {
    "type": "ParticleEffect",
    "particles": 1,
    "lifetime": 10,
    "length": 0,
    "interp": "swingIn",
    "region": "exogenesis-tall",
    "sizeFrom": 10,
    "sizeTo": 0,
    "colorFrom": "FF5845FF",
    "colorTo": "FF5845FF"
  },
  "hasPower": true,
  "shootType": {
    "type": "BasicBulletType",
    "sprite": "exogenesis-plasma",
    "absorbable": true,
    "shrinkY": 0,
    "shrinkX": 0,
    "speed": 2,
    "buildingDamageMultiplier": 0.7,
    "lifetime": 60,
    "damage": 40,
    "status": "melting",
    "height": 8,
    "width": 8,
    "hitEffect": {
      "type": "ParticleEffect",
      "line": true,
      "particles": 5,
      "lifetime": 15,
      "length": 25,
      "cone": -360,
      "lenFrom": 5,
      "lenTo": 0,
      "colorFrom": "FF5845FF",
      "colorTo": "FFC1BBFF"
    },
    "despawnEffect": {
      "type": "ParticleEffect",
      "line": true,
      "particles": 5,
      "lifetime": 15,
      "length": 25,
      "cone": -360,
      "lenFrom": 5,
      "lenTo": 0,
      "colorFrom": "FF5845FF",
      "colorTo": "FFC1BBFF"
    },
    "trailColor": "FF5845FF",
    "trailWidth": 4,
    "trailLength": 6,
    "splashDamage": 5,
    "splashDamageRadius": 20,
    "frontColor": "FFC1BBFF",
    "backColor": "FF5845FF"
  },
  "consumes": {
    "power": 2.5
  },
  "coolant": {
    "type": "ConsumeLiquid",
    "liquid": "slag",
    "amount": 0.4
  },
  "coolantMultiplier": 2,
  "requirements": [
    "beryllium/30",
    "volcanite/130"
  ],
  "category": "turret",
  "research": "r-pyro"
}
