{
  "type": "PowerTurret",
  "health": 8000,
  "armor": 15,
  "recoil": 0,
  "shootCone": 360,
  "rotateSpeed": 0,
  "outlineColor": "1B1B1BFF",
  "range": 280,
  "drawer": {
    "type": "drawTurret",
    "basePrefix": "solran-",
    "parts": [
      {
        "type": "shapePart",
        "y": 0,
        "hollow": true,
        "circle": true,
        "layer": 110,
        "color": "ff5547",
        "stroke": 1.3,
        "progress": "warmup",
        "radiusTo": 16,
        "radius": 4.5
      },
      {
        "type": "shapePart",
        "y": 0,
        "progress": "warmup",
        "circle": true,
        "layer": 110,
        "color": "ff5547",
        "stroke": 1.3,
        "radiusTo": 11,
        "radius": 2.5
      },
      {
        "type": "shapePart",
        "y": 0,
        "progress": "warmup",
        "circle": true,
        "layer": 110,
        "color": "ffffff",
        "stroke": 1.3,
        "radiusTo": 7,
        "radius": 1
      }
    ]
  },
  "coolant": {
    "type": "ConsumeLiquid",
    "liquid": "slag",
    "amount": 0.4
  },
  "coolantMultiplier": 2,
  "shoot": {
    "type": "shootSpread",
    "shots": 6,
    "spread": 60
  },
  "shootY": 0,
  "size": 6,
  "shootEffect": "none",
  "hasPower": true,
  "consumes": {
    "power": 25
  },
  "shootType": {
    "type": "BasicBulletType",
    "speed": 6,
    "buildingDamageMultiplier": 0.3,
    "lifetime": 75,
    "hitEffect": {
      "type": "ParticleEffect",
      "line": true,
      "particles": 15,
      "offset": 20,
      "lifetime": 30,
      "length": 65,
      "baseLength": -15,
      "cone": -360,
      "lenFrom": 9,
      "lenTo": 0,
      "colorFrom": "FF5845FF",
      "colorTo": "DE4136FF"
    },
    "frontColor": "FFFFFFF",
    "backColor": "ff5547",
    "trailColor": "ff5547",
    "trailLength": 13,
    "trailWidth": 2.5,
    "drag": -0.001,
    "pierce": true,
    "damage": 180,
    "homingPower": 0.5,
    "homingDelay": 40,
    "homingRange": 170,
    "width": 10,
    "height": 37,
    "shrinkY": 0,
    "shrinkX": 0,
    "sprite": "missile-large"
  },
  "requirements": [
    "volcanite/ 550",
    "thorium/600",
    "oxide/400",
    "primal-red/700",
    "silicon/800",
    "beryllium/400"
  ],
  "category": "turret",
  "research": "r-ember",
  "shootSound": "laser"
}







