{
  "category": "turret",
  "type": "LiquidTurret",
  "size": 3,
  "range": 160,
  "outlineColor": "1B1B1BFF",
  "health": 3500,
  "armor": 15,
  "reload": 3.5,
  "shoot": {
    "shots": 2
  },
  "inaccuracy": 0.7,
  "velocityRnd": 0.4,
  "drawer": {
    "type": "drawTurret",
    "basePrefix": "solran-"
  },
  "shootEffect": "hitMeltdown",
  "ammoTypes": {
    "slag": {
      "type": "LiquidBulletType",
      "liquid": "slag",
      "damage": 10,
      "speed": 9,
      "puddleSize": 8,
      "lifetime": 50,
      "drag": 0.07,
      "orbSize": 5,
      "fragBullets": 3,
      "fragBullet": {
        "type": "LiquidBulletType",
        "liquid": "slag",
        "lifetime": 20,
        "puddleSize": 3,
        "orbSize": 1.5,
        "speed": 3,
        "damage": 2
      }
    }
  },
  "research": "r-fury",
  "requirements": [
    "tungsten/80",
    "graphite/300",
    "beryllium/500",
    "volcanite/200"
  ]
}
