{
  "research": {
    "parent": "combat",
    "requirements": [
      "oltuxium/820",
      "surge-alloy/700",
      "plastanium/740",
      "lead/940",
      "silicon/1000"
    ]
  },
  "groundLayer": 75,
  "type": "legs",
  "speed": 0.38,
  "hitSize": 30,
  "health": 54890,
  "rotateSpeed": 2,
  "faceTarget": true,
  "armor": 23,
  "drag": 0.4,
  "range": 200,
  "maxRange": 200,
  "aimDst": 200,
  "flying": false,
  "targetAir": true,
  "legSpeed": 0.54,
  "legBaseOffset": 10,
  "legCount": 6,
  "legPairOffset": 3,
  "legMoveSpace": 1,
  "legExtension": -15,
  "legLength": 45,
  "legSplashDamage": 32,
  "legSplashRange": 30,
  "allowLegStep": true,
  "hovering": true,
  "immunities": [
    "slow",
    "burning",
    "freezing"
  ],
  "weapons": [
    {
      "name": "purge-fire",
      "reload": 10,
      "mirror": false,
      "x": 0,
      "y": 0,
      "shootY": 15,
      "recoil": 1.5,
      "rotate": false,
      "shoot": {
        "type": "shootPattern",
        "shots": 4,
        "shotDelay": 5
      },
      "inaccuracy": 12,
      "shootSound": "flame",
      "shootCone": 20,
      "bullet": {
        "type": "BasicBulletType",
        "collidesAir": true,
        "speed": 5,
        "damage": 70,
        "width": 0.1,
        "height": 0.1,
        "shootEffect": {
          "type": "ParticleEffect",
          "particles": 30,
          "sizeFrom": 5,
          "sizeTo": 0,
          "length": 180,
          "lifetime": 58,
          "interp": "circleOut",
          "colorFrom": "D99F6BFF",
          "colorTo": "F3E979FF",
          "cone": 20
        },
        "smokeEffect": "none",
        "lifetime": 25,
        "despawnEffect": "none",
        "hittable": false,
        "reflectable": false,
        "hitEffect": {
          "type": "ParticleEffect",
          "particles": 15,
          "sizeFrom": 5,
          "sizeTo": 0,
          "length": 20,
          "lifetime": 17,
          "interp": "circleOut",
          "colorFrom": "F3E979FF",
          "colorTo": "D99F6BFF",
          "cone": 360
        },
        "pierce": true,
        "incendAmount": 5
      }
    },
    {
      "name": "surge-SG",
      "shootCone": 15,
      "mirror": true,
      "alternate": true,
      "x": 15,
      "y": -1.3,
      "reload": 60,
      "recoil": 4,
      "shootY": 5,
      "ejectEffect": "casing2",
      "shootSound": "shotgun",
      "shoot": {
        "type": "ShootSpread",
        "shots": 2,
        "spread": 3
      },
      "shake": 2,
      "bullet": {
        "damage": 105,
        "pierce": "true",
        "type": "ShrapnelBulletType",
        "statusDuration": 60,
        "status": "shocked",
        "lifetime": 18,
        "length": 180,
        "width": 14,
        "serrations": 4,
        "fromColor": "F3E979FF",
        "toColor": "FFFFFFF",
        "shootEffect": "shootHealYellow",
        "hitColor": "F3E979FF"
      }
    },
    {
      "name": "alpha-rocket",
      "shootCone": 25,
      "alternate": false,
      "mirror": false,
      "rotate": true,
      "rotateSpeed": 2,
      "top": true,
      "x": 0,
      "y": -7.5,
      "reload": 12,
      "shoot": {
        "type": "ShootAlternate",
        "shots": 1,
        "barrels": 3,
        "spread": 3
      },
      "recoil": 0.5,
      "shootY": 2,
      "inaccuracy": 7,
      "xRand": 8,
      "shootSound": "missile",
      "velocityRnd": 0.4,
      "bullet": {
        "type": "MissileBulletType",
        "shootEffect": "shootHealYellow",
        "damage": 45,
        "speed": 5,
        "keepVelocity": true,
        "frontColor": "FFFFFFF",
        "backColor": "F3E979FF",
        "trailColor": "ECD36FFF",
        "lifetime": 90,
        "homingPower": 1,
        "homingRange": 100,
        "weaveScale": 5,
        "weaveMag": 2,
        "height": 8,
        "width": 8,
        "splashDamageRadius": 30,
        "splashDamage": 30,
        "lightning": 4,
        "lightningDamage": 10,
        "lightningLength": 4,
        "lightningCone": 360,
        "lightningLengthRand": 6
      }
    }
  ],
  "abilities": [
    {
      "type": "mindustry.entities.abilities.StatusFieldAbility",
      "range": 86,
      "reload": 340,
      "duration": 285,
      "effect": "overclock"
    },
    {
      "type": "mindustry.entities.abilities.ForceFieldAbility",
      "radius": 50,
      "regen": 3,
      "max": 1000,
      "cooldown": 260
    }
  ]
}
