{
  "lightRadius": 250,
  "speed": 1.2,
  "accel": 0.04,
  "drag": 0.05,
  "drawCell": false,
  "rotateSpeed": 0.7,
  "range": 420,
  "aimDst": 420,
  "maxRange": 420,
  "outlineColor": "282828FF",
  "crashDamageMultiplier": "30",
  "trailColor": "F3E979FF",
  "trailLength": 6,
  "flying": true,
  "health": 5000000,
  "hitSize": 160,
  "armor": 90,
  "engineOffset": 112,
  "engineSize": 16.8,
  "engineColor": "F3E979FF",
  "lowAltitude": true,
  "groundLayer": 99,
  "targetAir": true,
  "engines": [
    {
      "x": -62,
      "y": -65,
      "layer": 89,
      "rotation": 45,
      "radius": 9
    },
    {
      "x": 62,
      "y": -65,
      "layer": 89,
      "rotation": 45,
      "radius": 9
    },
    {
      "x": -60,
      "y": -2,
      "layer": 89,
      "rotation": 45,
      "radius": 9
    },
    {
      "x": 60,
      "y": -2,
      "layer": 89,
      "rotation": 45,
      "radius": 9
    }
  ],
  "parts": [
    {
      "type": "HaloPart",
      "y": -40,
      "haloRotateSpeed": 0.5,
      "radius": 7,
      "tri": true,
      "layer": 110,
      "color": "F3E979FF",
      "haloRadius": 22,
      "haloRadiusTo": 22,
      "haloRotation": 90,
      "shapeRotation": 180,
      "stroke": 0,
      "strokeTo": 4.7,
      "shapes": 4,
      "triLengthTo": 6,
      "triLength": 6
    },
    {
      "type": "HaloPart",
      "y": -40,
      "haloRotateSpeed": 0.5,
      "radius": 7,
      "tri": true,
      "layer": 110,
      "color": "F3E979FF",
      "haloRadius": 22,
      "haloRotation": 90,
      "haloRadiusTo": 22,
      "stroke": 0,
      "strokeTo": 4.7,
      "shapes": 4,
      "triLengthTo": 33,
      "triLength": 33
    },
    {
      "type": "HaloPart",
      "y": -40,
      "haloRotateSpeed": 0.5,
      "radius": 6,
      "tri": true,
      "layer": 110,
      "color": "F3E979FF",
      "haloRadius": 22,
      "haloRadiusTo": 22,
      "haloRotation": -45,
      "shapeRotation": 180,
      "stroke": 0,
      "strokeTo": 3.7,
      "shapes": 4,
      "triLengthTo": 6,
      "triLength": 6
    },
    {
      "type": "HaloPart",
      "y": -40,
      "haloRotateSpeed": 0.5,
      "radius": 6,
      "tri": true,
      "layer": 110,
      "color": "F3E979FF",
      "haloRadius": 22,
      "haloRotation": -45,
      "haloRadiusTo": 22,
      "stroke": 0,
      "strokeTo": 3.7,
      "shapes": 4,
      "triLengthTo": 19,
      "triLength": 19
    },
    {
      "type": "shapePart",
      "y": -40,
      "circle": true,
      "hollow": true,
      "layer": 110,
      "stroke": 1,
      "strokeTo": 1,
      "color": "F3E979FF",
      "radiusTo": 23,
      "radius": 23
    },
    {
      "type": "shapePart",
      "y": -40,
      "circle": true,
      "layer": 110,
      "color": "F3E979FF",
      "radiusTo": 11,
      "radius": 11
    }
  ],
  "immunities": [
    "burning",
    "wet",
    "slow",
    "sapped",
    "shocked",
    "freezing",
    "corroded",
    "tarred",
    "muddy",
    "spore-slowed",
    "blasted",
    "disarmed",
    "electrified",
    "melting",
    "slow"
  ],
  "weapons": [
    {
      "name": "annihaltion-railgun",
      "mirror": false,
      "top": false,
      "x": 0,
      "y": 0,
      "shootY": 28,
      "shake": 10,
      "reload": 665,
      "shootSound": "apoth-gauss",
      "rotate": false,
      "bullet": {
        "type": "railBulletType",
        "damage": 17150,
        "length": 600,
        "pierceArmor": true,
        "lightningColor": "F3E979FF",
        "pointEffectspace": 50,
        "lightning": 8,
        "lightningLength": 15,
        "lightningDamage": 45,
        "pierceDamageFactor": 0.6,
        "pierce": true,
        "recoil": 1,
        "buildingDamageMultiplier": 0.8,
        "spawnBullets": [
          {
            "fragBullets": 5,
            "fragRandomSpread": 0,
            "fragSpread": 30,
            "fragBullet": {
              "damage": 200,
              "width": 22.5,
              "type": "ShrapnelBulletType",
              "lifetime": 60,
              "length": 50,
              "serrations": 4,
              "fromColor": "F3E979FFF",
              "toColor": "D99F6BFF",
              "hitEffect": {
                "type": "ParticleEffect",
                "line": true,
                "particles": 6,
                "offset": 20,
                "lifetime": 30,
                "length": 65,
                "baseLength": -15,
                "cone": -360,
                "lenFrom": 5,
                "lenTo": 0,
                "colorFrom": "F3E979FFF",
                "colorTo": "D99F6BFF"
              },
              "statusDuration": 90,
              "status": "freezing"
            },
            "type": "BulletType",
            "lifetime": 0
          },
          {
            "fragBullets": 1,
            "fragRandomSpread": 0,
            "fragSpread": 35,
            "fragBullet": {
              "damage": 200,
              "width": 52.5,
              "type": "ShrapnelBulletType",
              "lifetime": 70,
              "length": 100,
              "serrations": 4,
              "fromColor": "F3E979FFF",
              "toColor": "D99F6BFF",
              "hitEffect": {
                "type": "ParticleEffect",
                "line": true,
                "particles": 6,
                "offset": 20,
                "lifetime": 30,
                "length": 65,
                "baseLength": -15,
                "cone": -360,
                "lenFrom": 5,
                "lenTo": 0,
                "colorFrom": "F3E979FFF",
                "colorTo": "D99F6BFF"
              },
              "statusDuration": 90,
              "status": "freezing"
            },
            "type": "BulletType",
            "lifetime": 0
          }
        ],
        "pierceEffect": {
          "type": "multiEffect",
          "effects": [
            {
              "type": "ParticleEffect",
              "particles": 20,
              "length": -130,
              "lifetime": 26,
              "cone": 40,
              "colorFrom": "F3E979FF",
              "colorTo": "D99F6BFF",
              "lenFrom": 20,
              "lenTo": 0,
              "sizeFrom": 11,
              "sizeTo": 0
            },
            {
              "type": "ParticleEffect",
              "particles": 1,
              "length": 0,
              "lifetime": 35,
              "sizeFrom": 60,
              "region": "exogenesis-blue-pierce",
              "colorFrom": "F3E979FF",
              "colorTo": "D99F6BFF"
            },
            {
              "type": "ParticleEffect",
              "particles": 1,
              "length": 0,
              "lifetime": 35,
              "sizeFrom": 80,
              "region": "exogenesis-rail-pierce2",
              "colorFrom": "F3E979FF",
              "colorTo": "D99F6BFF"
            },
            {
              "type": "ParticleEffect",
              "particles": 20,
              "length": -10,
              "lifetime": 32,
              "cone": 40,
              "colorFrom": "F3E979FF",
              "colorTo": "D99F6BFF",
              "lenFrom": 20,
              "lenTo": 0,
              "sizeFrom": 11,
              "sizeTo": 0
            }
          ]
        },
        "pointEffect": {
          "type": "multiEffect",
          "effects": [
            {
              "type": "ParticleEffect",
              "particles": 1,
              "length": 0,
              "lifetime": 30,
              "sizeFrom": 45,
              "region": "exogenesis-wide",
              "colorFrom": "F3E979FF",
              "colorTo": "D99F6BFF"
            },
            {
              "type": "ParticleEffect",
              "particles": 1,
              "length": 0,
              "lifetime": 22,
              "sizeFrom": 75,
              "region": "exogenesis-tall-thin",
              "colorFrom": "F3E979FF",
              "colorTo": "D99F6BFF"
            }
          ]
        },
        "lineEffect": {
          "type": "ParticleEffect",
          "particles": 1,
          "length": 0,
          "lifetime": 25,
          "sizeFrom": 20,
          "region": "exogenesis-wide",
          "colorFrom": "F3E979FF",
          "colorTo": "D99F6BFF"
        },
        "hitEffect": "none"
      }
    }
  ]
}
