{
        "localizedName": "Surge",
        "description": "[gold]A prototype unit created by the Elecians to aid in the galactic war. Equipped with two surge rocket launchers and two arc guns that deal massive damage at close range. Able to generate an energy spike on the front of it as it moves and runs in to things.",
       "research": "assembly",
        "lightRadius": "145",
        "lightColor": "f3e979",
	    "maxRange": 170,
        "speed": 3.5,
        "accel": 0.04,
        "drag": 0.05,
        "mineSpeed": 8,
        "mineTier": 5,
        "buildSpeed": 2,
        "itemCapacity": 100,
        "flying": true,
        "circleTarget": true,
        "health": 37800,
        "hitSize": 56,
        "armor": 15,
        "engineOffset": 21,
        "engineSize": 5.8,
        "lowAltitude": true,
        "range": 170,
        "targetAir": true,
        "commandLimit": 10,
	   "immunities": [
		"burning", 
		"melting",
		"slow"
	    ],
	    "weapons": [
	   {
    "name": "surge-torrent",
    "reload": 38,
    "top": true,
    "alternate": true,
    "mirror": true,
    "x": 9,
    "y": 3.6,
    "shootY": 5,
    "cooldownTime": 38,
    "heatColor": "f3e979",
    "recoil": 1.5,
    "shake": 1,
    "rotateSpeed": 5,
    "rotate": true,
    "shots": 6,
    "shootSound": "shotgun",
    "shootCone": 25,
	"bullet": {
    "type": "LightningBulletType",
    "shootEffect": "shootHealYellow",
    "status": "shocked",
    "statusDuration": 80,
    "lightColor": "f3e979",
	"lightningColor": "f3e979",
	"lightningCone": 20,
	"damage": 108,
	"lightningLengthRand": 20,
    "lightningLength": 10,
    "collidesAir": true
			}
	   },
	   {
    "name": "voltage-missile-launcher",
    "shootCone": 25,
    "alternate": true,
    "mirror": true,
    "top": true,
    "x": 13,
    "y": -3.5,
    "reload": 78,
    "recoil": 3,
    "shots": 5,
    "rotateSpeed": 5,
    "rotate": true,
    "shootY": 8,
    "inaccuracy": 7,
    "shotDelay": 3,
    "shootSound": "missile",
    "velocityRnd": 0.4,
    "bullet": {
    "keepVelocity": false,
    "type": "MissileBulletType",
    "shootEffect": "shootHealYellow",
    "damage": 250,
    "speed": 5,
    "lightColor": "f3e979",
	"frontColor": "f3e979",
    "backColor": "D99F6BFF",
    "trailColor": "D99F6BFF",
    "lifetime": 90,
  	"homingPower": 0.0768,
	"homingRange": 100,
	"weaveScale": 4,			
	"weaveMag": 3,
    "height": 20,
    "width": 9,
	"splashDamageRadius": 10,
	"splashDamage": 40,			
    "lightning": 4,
    "lightningDamage": 34,
    "lightningLength": 4,
    "lightningCone": 360,
    "lightningLengthRand": 8
			}
		}
     ],
    "abilities": [
        {
            "type": "mindustry.entities.abilities.ForceFieldAbility",
            "radius": 60,
            "regen": 6,
            "max": 2600,
            "cooldown": 260
        },
        {
    "type": "MoveLightningAbility",
    "minSpeed": 0.7,
    "maxSpeed": 3.5,
    "offset": 20,
    "damage": 10,
    "color": "f3e979",
    "chance": 0.5,
    "shootSound": "none",
    "shootEffect": "none",
    "bulletAngle": 1,
    "bullet": {
    "speed": 0.01,
    "damage": 60,
    "width": 30,
    "pierce": "true",
    "type": "ShrapnelBulletType",
    "lifetime": 19,
    "lightColor": "f3e979",
    "length": 180,
    "serrations": 0,
    "toColor": "f3e979",
    "shootEffect": "none",
    "hitColor": "f3e979",
    "statusDuration": 90,
    "status": "slow"
    }
            }
        ]
}
