{
"name": "Animal",
"description":"[grey]A melee mech unit that has powerful claws aswell as a soul laser weapon for ranged attacks.",
"research": "varmint",
"controller": "SuicideAI",
"type": "mech",
"armor": 10,
"boostMultiplier": 2.0,
"engineOffset": 8,
"engineSize": 6,
"canBoost": true,
"rotateSpeed": 2.8,
"canDrown": false,
"hitSize": 30,
"mechFrontSway": 1,
"commandLimit": 6,
"mechStepParticles": true,
"mechStepShake": 1,
"singleTarget": true,
"speed": 0.74,
"health": 3800,
"immunities": [
		"melting",
		"burning"
		],
"weapons": [
{
  "name": "animal-arm",
  "x": 14.5,
  "y": 3.1,
  "reload": 19,
  "alternate": true,
  "rotate": true,
  "rotateSpeed": 1.8,
  "top": false,
  "shots": 1,
  "recoil": -11.8,
  "shootY": 9,
  "shootSound": "swings",
  "ejectEffect": "none",
  "bullet": {
  "type": "ShrapnelBulletType",
  "recoil": -2.4,
  "fromColor": "FFFFFFFF",
  "toColor": "202328FF",
  "hitColor": "FFFFFFFF",
  "hitEffect": {
    "type": "ParticleEffect",
    "line": true,
    "particles": 5,
    "lifetime": 15,
    "length": 35,
    "cone": -30,
    "lenFrom": 7,
    "lenTo": 0,
    "colorFrom": "202328FF",
    "colorTo": "FFFFFFFF"
  },
  "shootEffect": "none",
  "smokeEffect": "none",
  "knockback": -1.3,
  "keepVelocity": false,
    "width": 0,
    "length": 32,
    "lifetime": 20,
	"serrations": 0,
	"damage": 95,
	"hittable": false,
	"reflectable": false,
	"absorbable": false,
	"hitLarge": true,
	"pierceBuilding": true
    }
  },
  {
  "name": "soul-shotgun",
  "y": -6,
  "x": 0,
  "reload": 28,
  "alternate": true,
  "top": true,
  "rotate": true,
  "rotateSpeed": 2,
  "recoil": 1,
  "shootY": 3,
  "shots": 1,
  "shake": 0.5,
  "shootSound": "laser",
  "ejectEffect": "none",
  "cooldownTime": 28,
  "bullet": {
	"shootEffect": {
    "type": "WaveEffect",
    "lifetime": 35,
    "sizeFrom": 0,
    "sizeTo": 7,
    "strokeFrom": 4,
    "strokeTo": 0,
    "colorFrom": "FFFFFFFF",
    "colorTo": "202328FF"
	},
    "type": "LaserBulletType",
    "length": 240,
    "width": 15,
    "damage": 50,
	"hitEffect": {
    "type": "ParticleEffect",
    "line": true,
    "particles": 5,
    "lifetime": 18,
    "length": 35,
    "cone": -360,
    "lenFrom": 10,
    "lenTo": 0,
    "colorFrom": "202328FF",
    "colorTo": "FFFFFFFF"
	},
    "colors": ["202328FF", "3D414CFF", "FFFFFFFF"]
    }
  }
]
}
