{
"name": "Beast",
"description": "[grey]A large melee mech that can delive powerful strikes with its claws and used soul missile for more ranged attacks",
"research": "feral",
"controller": "SuicideAI",
"type": "mech",
"lightRadius": 100,
"armor": 24,
"boostMultiplier": 2,
"engineOffset": 17,
"engineSize": 8,
"canBoost": true,
"rotateSpeed": 1.8,
"canDrown": false,
"hitSize": 56,
"mechFrontSway": 1.8,
"mechSideSway": 1,
"commandLimit": 8,
"mechStepParticles": true,
"mechStepShake": 3,
"singleTarget": true,
"speed": 0.56,
"health": 43800,
"range": 55,
"immunities": [
		"corroded",
		"blasted",
		"slow"
		],
"weapons": [
  {
  "name": "beast-arm",
  "x": 28.5,
  "y": -1,
  "reload": 21,
  "alternate": true,
  "rotate": true,
  "rotateSpeed": 1,
  "top": false,
  "shots": 1,
  "recoil": -19.8,
  "shootY": 16,
  "shootSound": "swings",
  "ejectEffect": "none",
  "bullet": {
  "type": "ShrapnelBulletType",
  "recoil": -3.4,
  "fromColor": "FFFFFFFF",
  "toColor": "202328FF",
  "hitColor": "FFFFFFFF",
  "hitEffect": {
    "type": "ParticleEffect",
    "line": true,
    "particles": 5,
    "lifetime": 15,
    "length": 35,
    "cone": -30,
    "lenFrom": 7,
    "lenTo": 0,
    "colorFrom": "202328FF",
    "colorTo": "FFFFFFFF"
  },
  "shootEffect": "none",
  "smokeEffect": "none",
  "knockback": -2,
  "keepVelocity": false,
    "width": 0,
    "length": 34,
    "lifetime": 20,
	"serrations": 0,
	"damage": 385,
	"hittable": false,
	"reflectable": false,
	"absorbable": false,
	"hitLarge": true,
	"pierceBuilding": true
	}
    },
    {
    "name": "soul-launcher",
    "shootCone": 25,
    "alternate": true,
    "mirror": true,
    "top": true,
    "x": 16,
    "y": -9,
    "reload": 48,
    "recoil": 2,
    "shots": 6,
    "shootY": 2,
    "spacing": 10,
    "inaccuracy": 7,
    "xRand": 8,
    "shotDelay": 1,
    "shootSound": "missile",
    "velocityRnd": 0.4,
    "bullet": {
    "keepVelocity": false,
    "type": "MissileBulletType",
    "shootEffect": "shootSmall",
    "damage": 40,
    "speed": 5,
    "lightningColor": "202328FF", 
	"frontColor": "FFFFFFFF",
    "backColor": "202328FF",
    "trailColor": "202328FF",
    "lifetime": 60,
  	"homingPower": 0.567,
	"homingRange": 100,
	"weaveScale": 5,			
	"weaveMag": 2,
    "height": 10,
    "width": 8,
	"splashDamageRadius": 30,
	"splashDamage": 30,			
    "lightning": 3,
    "lightningDamage": 14,
    "lightningLength": 4,
    "lightningCone": 360,
    "lightningLengthRand": 6
    }
    }
    ]
}