{
"name": "Creature",
"description": "[grey]The beast class titan unit. A large mech that has large clawed arms capable of doing massive damage at close range it also has rocket launchers for more ranged attacks and also has 2 shotguns for more close ranged damage",
"research": "beast",
"controller": "SuicideAI",
"type": "mech",
"details": "A creature not from this world",
"lightRadius": 230,
"armor": 44,
"boostMultiplier": 2,
"engineOffset": 27,
"engineSize": 12,
"canBoost": true,
"rotateSpeed": 1.8,
"canDrown": false,
"hitSize": 61,
"mechFrontSway": 1.8,
"mechSideSway": 1,
"commandLimit": 8,
"mechStepParticles": true,
"mechStepShake": 5,
"singleTarget": true,
"speed": 0.46,
"health": 643800,
"range": 65,
"immunities": [
		"corroded",
		"blasted",
		"slow"
		],
"weapons": [
  {
  "name": "creature-arm",
  "x": 36.5,
  "y": -1,
  "reload": 22,
  "alternate": true,
  "rotate": true,
  "rotateSpeed": 1,
  "top": false,
  "shots": 1,
  "recoil": -27.8,
  "shootY": 32,
  "shootSound": "swings",
  "ejectEffect": "none",
  "bullet": {
  "type": "ShrapnelBulletType",
  "recoil": -3.4,
  "fromColor": "FFFFFFFF",
  "toColor": "202328FF",
  "hitColor": "FFFFFFFF",
  "hitEffect": {
    "type": "ParticleEffect",
    "line": true,
    "particles": 5,
    "lifetime": 15,
    "length": 35,
    "cone": -30,
    "lenFrom": 7,
    "lenTo": 0,
    "colorFrom": "202328FF",
    "colorTo": "FFFFFFFF"
  },
  "shootEffect": "none",
  "smokeEffect": "none",
  "knockback": -4,
  "keepVelocity": false,
    "width": 0,
    "length": 40,
    "lifetime": 20,
	"serrations": 0,
	"damage": 985,
	"hittable": false,
	"reflectable": false,
	"absorbable": false,
	"hitLarge": true,
	"pierceBuilding": true
	}
    },
    {
  "name": "soul-shotgun",
    "x": 17,
    "y": 12,
  "reload": 25,
  "alternate": true,
  "top": true,
  "rotate": true,
  "rotateSpeed": 2,
  "recoil": 1,
  "shootY": 3,
  "shots": 1,
  "shake": 0.5,
  "shootSound": "shotgun",
  "ejectEffect": "none",
  "cooldownTime": 25,
  "bullet": {
  "type": "ShrapnelBulletType",
  "toColor": "202328FF",
  "hitColor": "FFFFFFFF",
  "hitEffect": {
    "type": "ParticleEffect",
    "line": true,
    "particles": 5,
    "lifetime": 15,
    "length": 35,
    "cone": -30,
    "lenFrom": 5,
    "lenTo": 0,
    "colorFrom": "202328FF",
    "colorTo": "FFFFFFFF"
  },
  "shootEffect": "lightningShoot",
  "smokeEffect": "none",
  "keepVelocity": false,
    "serrationWidth": 10,
    "serrationSpacing": 16,
    "width": 30,
    "length": 65,
    "lifetime": 20,
	"serrations": 10,
	"damage": 135,
	"hittable": false,
	"reflectable": false,
	"absorbable": false,
	"pierceBuilding": true
    }
  },
  {
    "name": "soul-launcher",
    "shootCone": 25,
    "alternate": true,
    "mirror": true,
    "top": true,
    "y": -14,
    "x": 27,
    "reload": 48,
    "recoil": 2,
    "shots": 6,
    "shootY": 2,
    "spacing": 10,
    "inaccuracy": 7,
    "xRand": 8,
    "shotDelay": 1,
    "shootSound": "missile",
    "velocityRnd": 0.4,
    "bullet": {
    "keepVelocity": false,
    "type": "MissileBulletType",
    "shootEffect": "shootSmall",
    "damage": 40,
    "speed": 5,
    "lightningColor": "202328FF", 
	"frontColor": "FFFFFFFF",
    "backColor": "202328FF",
    "trailColor": "202328FF",
    "lifetime": 60,
  	"homingPower": 0.567,
	"homingRange": 100,
	"weaveScale": 5,			
	"weaveMag": 2,
    "height": 17,
    "width": 10,
	"splashDamageRadius": 30,
	"splashDamage": 30,			
    "lightning": 3,
    "lightningDamage": 14,
    "lightningLength": 4,
    "lightningCone": 360,
    "lightningLengthRand": 6
    }
    }
    ]
}