{
"name": "Critter",
"research": "dagger",
"controller": "SuicideAI",
"description": "[grey]A small but fast melee unit created by the Vyrthians, can rapidly attack enemies when they get close",
"type": "mech",
"armor": 4,
"commandLimit": 4,
"hitSize": 10,
"speed": 1,
"boostMultiplier": 2,
"canBoost": true,
"flying": false,
"health": 470,
"range": 55,
"maxRange": 55,
"immunities": [
		"sapped"
		],
"weapons": [
  {
  "name": "critter-arm",
  "x": 4.5,
  "y": 0,
  "reload": 6,
  "alternate": true,
  "rotate": true,
  "rotateSpeed": 1.8,
  "top": false,
  "shots": 1,
  "recoil": -6.8,
  "shootY": 4,
  "shootSound": "swings",
  "ejectEffect": "none",
  "bullet": {
  "type": "ShrapnelBulletType",
  "recoil": -1.8,
  "fromColor": "FFFFFFFF",
  "toColor": "202328FF",
  "hitColor": "FFFFFFFF",
  "hitEffect": {
    "type": "ParticleEffect",
    "line": true,
    "particles": 5,
    "lifetime": 15,
    "length": 35,
    "cone": -30,
    "lenFrom": 7,
    "lenTo": 0,
    "colorFrom": "202328FF",
    "colorTo": "FFFFFFFF"
  },
  "shootEffect": "none",
  "smokeEffect": "none",
  "keepVelocity": false,
  "knockback": -1,
    "width": 0,
    "length": 25,
    "lifetime": 20,
	"serrations": 0,
	"damage": 38,
	"hittable": false,
	"reflectable": false,
	"absorbable": false,
	"hitLarge": false,
	"pierceBuilding": true
  }
  },
  {
    "name": "none",
    "shootCone": 15,
    "shots": 1,
    "inaccuracy": 0,
    "x": 0,
    "y": 0,
    "reload": 35,
    "recoil": 0.5,
    "shootY": 12,
    "rotateSpeed": 1.6,
    "shootSound": "none",
    "bullet": {
	"type" : "RailBulletType",
	"damage": 0,
	"length" : 55,
	"shootEffect": "none",
	"ammoMultiplier": 3,
	"pierce": true,
	"pierceBuilding": true,
	"pierceDamageFactor": 0.3,
	"collidesAir": true,
	"collidesGround": true,
	"collidesTiles" : true,
	"updateEffectSeg":80,
	"hitEffect" : "none"
     }
  }
]
}
