{
"name": "Feral",
"description":"[grey]A melee mech unit that can deliver powerful strikes with its claws. Has two gunners for extra range",
"research": "animal",
"controller": "SuicideAI",
"type": "mech",
"armor": 18,
"boostMultiplier": 2.0,
"engineOffset": 12,
"engineSize": 7,
"canBoost": true,
"rotateSpeed": 2.8,
"canDrown": false,
"hitSize": 40,
"mechFrontSway": 1,
"commandLimit": 6,
"mechStepParticles": true,
"mechStepShake": 2,
"singleTarget": true,
"speed": 0.67,
"health": 9480,
"immunities": [
		"melting",
		"burning"
		],
"weapons": [
{
  "name": "feral-arm",
  "x": 19,
  "y": 2,
  "reload": 20,
  "alternate": true,
  "rotate": true,
  "rotateSpeed": 1,
  "top": false,
  "shots": 1,
  "recoil": -16.8,
  "shootY": 12,
  "shootSound": "swings",
  "ejectEffect": "none",
  "bullet": {
  "type": "ShrapnelBulletType",
  "recoil": -3.4,
  "fromColor": "FFFFFFFF",
  "toColor": "202328FF",
  "hitColor": "FFFFFFFF",
  "hitEffect": {
    "type": "ParticleEffect",
    "line": true,
    "particles": 5,
    "lifetime": 15,
    "length": 35,
    "cone": -30,
    "lenFrom": 7,
    "lenTo": 0,
    "colorFrom": "202328FF",
    "colorTo": "FFFFFFFF"
  },
  "shootEffect": "none",
  "smokeEffect": "none",
  "knockback": -1.3,
  "keepVelocity": false,
    "width": 0,
    "length": 32,
    "lifetime": 20,
	"serrations": 0,
	"damage": 285,
	"hittable": false,
	"reflectable": false,
	"absorbable": false,
	"hitLarge": true,
	"pierceBuilding": true
    }
  },
  {
  "name": "soul-shotgun",
  "y": -6,
  "x": 8,
  "reload": 12,
  "alternate": true,
  "mirror": true,
  "top": true,
  "rotate": true,
  "rotateSpeed": 2,
  "recoil": 1,
  "shootY": 3,
  "shots": 1,
  "shake": 0.5,
  "shootSound": "shoot",
  "ejectEffect": "none",
  "bullet": {
    "keepVelocity": false,
	"shootEffect": {
    "type": "WaveEffect",
    "lifetime": 35,
    "sizeFrom": 0,
    "sizeTo": 7,
    "strokeFrom": 4,
    "strokeTo": 0,
    "colorFrom": "FFFFFFFF",
    "colorTo": "202328FF"
	},
	"hitEffect": {
    "type": "WaveEffect",
    "lifetime": 35,
    "sizeFrom": 0,
    "sizeTo": 7,
    "strokeFrom": 4,
    "strokeTo": 0,
    "colorFrom": "FFFFFFFF",
    "colorTo": "202328FF"
	},
    "type": "basicBulletType",
    "damage": 25,
    "height": 8,
    "width": 8,
    "speed": 4,
    "frontColor": "FFFFFF",
    "backColor": "202328FF",
    "lifetime": 90
    }
  }
]
}
