{
        "localizedName": "Ghoul",
        "research": "wraith",
        "type": "flying",
	    "description": "[greay]A small and fast unit equipped with a soul energy shotgun",
        "lowAltitude": true,
        "speed": 1.7,
        "accel": 0.3,
        "drag": 0.03,
        "flying": true,
        "health": 430,
        "hitSize": 12,
        "armor": 3,
        "itemCapacity": 10,
        "engineOffset": 8.5,
        "range": 100,
        "maxRange": 100,
        "aimDst": 100,
        "targetAir": true,
        "circleTarget": true,
        "commandLimit": 8,
        "faceTarget": true,
	    "weapons": [
	   {
  "name": "soul-shotgun",
    "x": 0,
    "y": -3,
  "reload": 35,
  "alternate": true,
  "top": true,
  "rotate": true,
  "rotateSpeed": 2,
  "recoil": 1,
  "shootY": 6,
  "shots": 1,
  "shake": 0.5,
  "shootSound": "shotgun",
  "ejectEffect": "casing1",
  "cooldownTime": 35,
  "bullet": {
    "speed": 0.01,
    "damage": 70,
    "width": 16,
    "type": "ShrapnelBulletType",
    "lifetime": 19,
    "length": 100,
    "serrations": 3,
    "serrationLenScl": 3,
    "serrationSpaceOffset": 60,
    "serrationFadeOffset": 0,
    "serrationWidth":  3,
    "fromColor": "202328FF",
	"mixColorFrom": "FFFFFFFF",
    "toColor": "202328FF",
	"hitEffect": {
    "type": "ParticleEffect",
    "line": true,
    "particles": 5,
    "lifetime": 18,
    "length": 35,
    "cone": -360,
    "lenFrom": 10,
    "lenTo": 0,
    "colorFrom": "202328FF",
    "colorTo": "FFFFFFFF"
	},
	"shootEffect": {
    "type": "ParticleEffect",
    "line": true,
    "particles": 5,
    "lifetime": 18,
    "length": 35,
    "cone": -360,
    "lenFrom": 10,
    "lenTo": 0,
    "colorFrom": "202328FF",
    "colorTo": "FFFFFFFF"
	}
  }
}
]
}
