{
        "localizedName": "Lich",
        "type": "flying",
        "description": "[black] A large cannon like unit that can fire three sould energy spike balls at enemies, and it has four soul energy  orb launchers on it sides", 
        "research": "poltergeist",
        "speed": 0.65,
        "accel": 0.3,
        "drag": 0.03,
        "faceTarget": true,
        "rotateSpeed": 0.8,
        "range": 480,
        "maxRange": 480,
        "aimDst": 480,
        "flying": true,
        "health": 38700,
        "hitSize": 74,
        "armor": 36,
        "engineOffset": 38,
        
        "engineSize": 6,
        "lowAltitude": true,
        "targetAir": true,
        "commandLimit": 10,
	    "weapons": [
	   {
   "name": "shadow-gunner-small",
    "shootCone": 15,
    "mirror": true,
    "alternate": true,
    "rotate": true,
    "shootY": 6,
    "rotateSpeed": 5,
    "x": 22,
    "y": 17,
    "cooldownTime": 20,
    "reload": 20,
    "recoil": 1,
    "ejectEffect": "none",
    "shootSound": "sap",
    "bullet": {
   "sprite": "exogenesis-plasma",
    "type": "basicBulletType",
    "hitEffect": {
    "type": "ParticleEffect",
    "line": true,
    "particles": 5,
    "lifetime": 18,
    "length": 35,
    "cone": -360,
    "lenFrom": 10,
    "lenTo": 0,
    "colorFrom": "202328FF",
    "colorTo": "FFFFFFFF"
    },
    "shootEffect": {
    "type": "WaveEffect",
    "lifetime": 15,
    "sizeFrom": 0,
    "sizeTo": 10,
    "strokeFrom": 0,
    "strokeTo": 2,
    "colorFrom": "202328FF",
    "colorTo": "FFFFFFFF"
    },
    "damage": 120,
    "lightningColor": "202328FF",
    "lightning": 3,
    "lightningDamage": 15,
    "lightningLength": 6,
    "lightningCone": 360,
    "lightningLengthRand": 6,
    "homingDelay": 5,
  	"homingPower": 0.0556,
	"homingRange": 80,
	"weaveScale": 3,			
	"weaveMag": 3,
    "trailChance": 1,
    "trailEffect": {
    "type": "ParticleEffect",
    "particles": 1,
    "length": 0,
    "lifetime": 27,
    "sizeFrom": 5,
    "region": "exogenesis-plasma-back",
    "colorFrom": "202328FF",
    "colorTo": "FFFFFFFF"
    },
    "height": 8,
    "width": 8,
    "speed": 4,
    "frontColor": "202328FF",
    "backColor": "FFFFFFFF",
    "lifetime": 90
    }
	   },
	   {
   "name": "shadow-gunner-small",
    "shootCone": 15,
    "mirror": true,
    "alternate": true,
    "rotate": true,
    "shootY": 6,
    "rotateSpeed": 5,
    "y": -7,
    "x": 29,
    "cooldownTime": 20,
    "reload": 20,
    "recoil": 1,
    "ejectEffect": "none",
    "shootSound": "sap",
    "bullet": {
   "sprite": "exogenesis-plasma",
    "type": "basicBulletType",
    "hitEffect": {
    "type": "ParticleEffect",
    "line": true,
    "particles": 5,
    "lifetime": 18,
    "length": 35,
    "cone": -360,
    "lenFrom": 10,
    "lenTo": 0,
    "colorFrom": "202328FF",
    "colorTo": "FFFFFFFF"
    },
    "shootEffect": {
    "type": "WaveEffect",
    "lifetime": 15,
    "sizeFrom": 0,
    "sizeTo": 10,
    "strokeFrom": 0,
    "strokeTo": 2,
    "colorFrom": "202328FF",
    "colorTo": "FFFFFFFF"
    },
    "damage": 120,
    "lightningColor": "202328FF",
    "lightning": 3,
    "lightningDamage": 15,
    "lightningLength": 6,
    "lightningCone": 360,
    "lightningLengthRand": 6,
    "homingDelay": 5,
  	"homingPower": 0.0556,
	"homingRange": 80,
	"weaveScale": 3,			
	"weaveMag": 3,
    "trailChance": 1,
    "trailEffect": {
    "type": "ParticleEffect",
    "particles": 1,
    "length": 0,
    "lifetime": 27,
    "sizeFrom": 5,
    "region": "exogenesis-plasma-back",
    "colorFrom": "202328FF",
    "colorTo": "FFFFFFFF"
    },
    "height": 8,
    "width": 8,
    "speed": 4,
    "frontColor": "202328FF",
    "backColor": "FFFFFFFF",
    "lifetime": 100
    }
	   },
	   {
   "name": "lich-weapon",
    "shootCone": 15,
    "mirror": true,
    "alternate": true,
    "shootY": 42,
    "rotate": false,
    "y": 0,
    "x": 0,
    "shots": 3,
    "shotDelay": 5,
    "soundPitchMin": 1,
    "reload": 300,
    "inaccuracy": 5,
    "ejectEffect": "none",
    "shootSound": "plasmaboom",
    "bullet": {
   "sprite": "exogenesis-circle-spike",
    "type": "basicBulletType",
    "hitEffect": {
    "type": "ParticleEffect",
    "line": true,
    "particles": 5,
    "lifetime": 18,
    "length": 35,
    "cone": -360,
    "lenFrom": 10,
    "lenTo": 0,
    "colorFrom": "202328FF",
    "colorTo": "FFFFFFFF"
    },
    "shootEffect": {
    "type": "WaveEffect",
    "lifetime": 40,
    "sizeFrom": 0,
    "sizeTo": 45,
    "strokeFrom": 0,
    "strokeTo": 6,
    "colorFrom": "FFFFFFFF",
    "colorTo": "202328FF"
      },
    "damage": 200,
    "lightningColor": "202328FF",
    "lightning": 6,
    "lightningDamage": 85,
    "lightningLength": 10,
    "lightningCone": 360,
    "lightningLengthRand": 15,
    "homingDelay": 8,
  	"homingPower": 0.0456,
	"homingRange": 100,
    "height": 25,
    "width": 25,
    "spin": 9,
    "speed": 4.5,
    "shrinkY": 0,
    "shrinkX": 0,
    "frontColor": "FFFFFFFF",
    "backColor": "3D414CFF",
    "lifetime": 150,
    "fragBullets": 5,
    "fragCone": 630,
	"fragBullet": {
    "type": "ShrapnelBulletType",
    "serrations": 2,
    "serrationWidth": 7,
    "serrationSpacing": 4,
    "length": 42,
    "width": 10,
    "fromColor": "FFFFFFFF",
    "toColor": "202328FF",
    "damage": 70
			}
          }
		}
     ],
    "abilities": [
        {
            "type": "mindustry.entities.abilities.ForceFieldAbility",
            "radius": 50,
            "regen": 6,
            "max": 4500,
            "cooldown": 260
            }
        ]
}
