{
    "localizedName": "Nemesis",
    "description": "A former husk of what this unit used to be the nemesis boss unit is equipped will four soul cannons aswell as four soul shotgun that do massive damage at close range. has a mini desolation cannon on its back that can destroy things from the far. can also fire a beam of soul energy.",
    "details": "Your greatest nemesis",
    "research": "reaper",
    "lightRadius": 250,
    "speed": 0.6,
    "accel": 0.04,
    "drag": 0.04,
    "rotateSpeed": 0.8,
    "range": 420,
    "aimDst": 420,
    "maxRange": 420,
    "crashDamageMultiplier": "12",
    "flying": true,
    "health": 2584000,
    "hitSize": 160,
    "armor": 77,
    "engineOffset": 75,
        
    "engineSize": 9.8,
    "lowAltitude": true,
    "targetAir": true,
    "commandLimit": 8,
	"immunities": [
		"burning", 
		"wet",
		"sapped",
		"freezing",
		"blasted",
		"disarmed",
		"melting",
		"slow"
        ],
	    "weapons": [
	   {
   "name": "soul-energy-cannon",
    "top": true,
    "mirror": true,
    "alternate": true,
    "x": 22,
    "y": 17,
    "shots": 1,
    "rotate": true,
    "rotateSpeed": 2.7,
    "inaccuracy": 0,
    "shootY": 7,
    "reload": 140,
    "recoil": 2,
    "shake": 2,
    "shootCone": 20,
    "ejectEffect": "none",
    "shootSound": "plasmaboom",
    "bullet": { 
    "type": "basicBulletType",
    "sprite": "exogenesis-plasma",
	"lightning": 10,
    "lightningLength": 6,
    "lightningLengthRand": 8,
    "lightningDamage": 80,
    "lightningColor": "202328FF",
    "shootEffect": {
    "type": "ParticleEffect",
    "line": true,
    "particles": 12,
    "offset": 20,
    "lifetime": 12,
    "length": 35,
    "cone": -360,
    "lenFrom": 10,
    "lenTo": 0,
    "colorFrom": "FFFFFF",
    "colorTo": "202328FF"
    },
    "hitEffect": {
    "type": "ParticleEffect",
    "line": true,
    "particles": 12,
    "offset": 20,
    "lifetime": 12,
    "length": 35,
    "cone": -360,
    "lenFrom": 10,
    "lenTo": 0,
    "colorFrom": "FFFFFF",
    "colorTo": "202328FF"
    },
    "despawnEffect": {
    "type": "ParticleEffect",
    "line": true,
    "particles": 12,
    "offset": 20,
    "lifetime": 12,
    "length": 35,
    "cone": -360,
    "lenFrom": 10,
    "lenTo": 0,
    "colorFrom": "FFFFFF",
    "colorTo": "202328FF"
    },
    "lifetime": 100,
    "damage": 740,
    "speed": 6,
    "width": 13,
    "height": 13,
    "trailChance": 1,
    "trailEffect": {
    "type": "ParticleEffect",
    "particles": 1,
    "length": 0,
    "lifetime": 24,
    "sizeFrom": 13,
    "region": "exogenesis-plasma-back",
    "colorFrom": "FFFFFF",
    "colorTo": "202328FF"
    },
    "backColor": "202328FF",
    "frontColor": "FFFFFF"
	}
	},
    {
   "name": "soul-energy-cannon",
    "top": true,
    "mirror": true,
    "alternate": true,
    "y": -19,
    "x": 32,
    "shots": 1,
    "rotate": true,
    "rotateSpeed": 2.7,
    "inaccuracy": 0,
    "shootY": 7,
    "reload": 141,
    "recoil": 2,
    "shake": 2,
    "shootCone": 20,
    "ejectEffect": "none",
    "shootSound": "plasmaboom",
    "bullet": { 
    "type": "basicBulletType",
    "sprite": "exogenesis-plasma",
	"lightning": 10,
    "lightningLength": 6,
    "lightningLengthRand": 8,
    "lightningDamage": 80,
    "lightningColor": "202328FF",
    "shootEffect": {
    "type": "ParticleEffect",
    "line": true,
    "particles": 12,
    "offset": 20,
    "lifetime": 12,
    "length": 35,
    "cone": -360,
    "lenFrom": 10,
    "lenTo": 0,
    "colorFrom": "FFFFFF",
    "colorTo": "202328FF"
    },
    "hitEffect": {
    "type": "ParticleEffect",
    "line": true,
    "particles": 12,
    "offset": 20,
    "lifetime": 12,
    "length": 35,
    "cone": -360,
    "lenFrom": 10,
    "lenTo": 0,
    "colorFrom": "FFFFFF",
    "colorTo": "202328FF"
    },
    "despawnEffect": {
    "type": "ParticleEffect",
    "line": true,
    "particles": 12,
    "offset": 20,
    "lifetime": 12,
    "length": 35,
    "cone": -360,
    "lenFrom": 10,
    "lenTo": 0,
    "colorFrom": "FFFFFF",
    "colorTo": "202328FF"
    },
    "lifetime": 100,
    "damage": 740,
    "speed": 6,
    "width": 13,
    "height": 13,
    "trailChance": 1,
    "trailEffect": {
    "type": "ParticleEffect",
    "particles": 1,
    "length": 0,
    "lifetime": 24,
    "sizeFrom": 13,
    "region": "exogenesis-plasma-back",
    "colorFrom": "FFFFFF",
    "colorTo": "202328FF"
    },
    "backColor": "202328FF",
    "frontColor": "FFFFFF"
			 }
	      },
			{
  "name": "shadow-gunner",
  "y": 48,
  "x": 38,
  "reload": 25,
  "alternate": true,
  "top": true,
  "rotate": true,
  "rotateSpeed": 2,
  "recoil": 1,
  "shootY": 6,
  "shots": 1,
  "shake": 0.5,
  "shootSound": "shotgun",
  "ejectEffect": "none",
  "cooldownTime": 25,
  "bullet": {
	"shootEffect": {
    "type": "WaveEffect",
    "lifetime": 35,
    "sizeFrom": 0,
    "sizeTo": 7,
    "strokeFrom": 4,
    "strokeTo": 0,
    "colorFrom": "FFFFFFFF",
    "colorTo": "202328FF"
	},
	"hitEffect": {
    "type": "ParticleEffect",
    "line": true,
    "particles": 5,
    "lifetime": 18,
    "length": 35,
    "cone": -360,
    "lenFrom": 10,
    "lenTo": 0,
    "colorFrom": "202328FF",
    "colorTo": "FFFFFFFF"
	},
    "serrationWidth": 10,
    "serrationSpacing": 8,
    "damage": 465,
    "width": 25,
    "pierce": "true",
    "type": "ShrapnelBulletType",
    "lifetime": 19,
    "length": 200,
    "serrations": 7,
    "fromColor": "FFFFFF",
    "toColor": "202328FF",
    "statusDuration": 90,
    "status": "slow"
			 }
	      },
			{
  "name": "shadow-gunner",
  "y": 27,
  "x": 58,
  "reload": 26,
  "alternate": true,
  "top": true,
  "rotate": true,
  "rotateSpeed": 2,
  "recoil": 1,
  "shootY": 6,
  "shots": 1,
  "shake": 0.5,
  "shootSound": "shotgun",
  "ejectEffect": "none",
  "cooldownTime": 25,
  "bullet": {
	"shootEffect": {
    "type": "WaveEffect",
    "lifetime": 35,
    "sizeFrom": 0,
    "sizeTo": 7,
    "strokeFrom": 4,
    "strokeTo": 0,
    "colorFrom": "FFFFFFFF",
    "colorTo": "202328FF"
	},
	"hitEffect": {
    "type": "ParticleEffect",
    "line": true,
    "particles": 5,
    "lifetime": 18,
    "length": 35,
    "cone": -360,
    "lenFrom": 10,
    "lenTo": 0,
    "colorFrom": "202328FF",
    "colorTo": "FFFFFFFF"
	},
    "serrationWidth": 10,
    "serrationSpacing": 8,
    "damage": 465,
    "width": 25,
    "pierce": "true",
    "type": "ShrapnelBulletType",
    "lifetime": 19,
    "length": 200,
    "serrations": 7,
    "fromColor": "FFFFFF",
    "toColor": "202328FF",
    "statusDuration": 90,
    "status": "slow"
    }
  },
  {
 "name": "nemesis-weapon",
  "x": 0,
  "y": 0,
  "mirror": false,
  "top": false,
  "shake": 4,
  "shootY": 39,
  "shootStatus": "unmoving",
  "shootStatusDuration": 170,
  "reload": 500,
  "cooldownTime": 390,
  "recoil": 0,
  "shots": 1,
  "firstShotDelay": 120,
  "soundPitchMin": 1,
    "chargeSound": "lasercharge",
    "shootSound": "beam",
    "continuous": true,
    "bullet": {
    "keepVelocity": false,
    "shootEffect": {
    "type": "multiEffect",
    "lifetime": 120,
    "effects": [
    {
    "type": "ParticleEffect",
    "line": true,
    "particles": 45,
    "lifetime": 110,
    "offset": 50,
    "length": 65,
    "baseLength": -65,
    "cone": -360,
    "sizeFrom": 5,
    "sizeTo": 0,
    "colorFrom": "FFFFFF",
    "colorTo": "202328FF"
    },
    {
    "type": "ParticleEffect",
    "particles": 1,
    "sizeFrom": 1,
    "sizeTo": 14,
    "length": 0,
    "lifetime": 120,
    "colorFrom": "FFFFFF",
    "colorTo": "202328FF",
    "cone": 360
    },
    {
    "type": "WaveEffect",
    "lifetime": 115,
    "sizeFrom": 75,
    "sizeTo": 0,
    "strokeFrom": 1,
    "strokeTo": 6,
    "colorFrom": "FFFFFF",
    "colorTo": "202328FF"
          }
        ]
      },
    "type": "ContinuousLaserBulletType",
    "damage": 280,
    "length": 360,
    "width": 10,
    "drawSize": 420,
    "lifetime": 400,
    "shake": 2,
    "knockback": -3,
    "despawnEffect": "smokeCloud",
    "smokeEffect": "none",
    "incendChance": 0.18,
    "colors":["202328AA", "3D414CFF", "FFFFFFFF"],
    "hitEffect": {
    "type": "ParticleEffect",
    "line": true,
    "particles": 5,
    "offset": 10,
    "lifetime": 10,
    "length": 35,
    "cone": -360,
    "lenFrom": 5,
    "lenTo": 0,
    "colorFrom": "FFFFFF",
    "colorTo": "A170F4FF"
    }
    }
  },
    {
    "name": "pin-pointer-gun",
    "shootCone": 25,
    "rotate": true,
    "alternate": false,
    "mirror": false,
    "top": true,
    "x": 0,
    "y": -32,
    "reload": 598,
    "recoil": 5,
    "shots": 1,
    "rotateSpeed": 1.3,
    "shootSound": "railgun",
    "bullet": {
	"type" : "pointBulletType",
	"damage": 5190,
	"hitSound": "laser",
	"hitShake": 5,
	"trailEffect": { 
    "type": "ParticleEffect",
    "particles": 1,
    "length": 0,
    "lifetime": 35,
    "sizeFrom": 1,
    "region": "exogenesis-wide",
    "colorFrom": "FFFFFFFF",
    "colorTo": "202328FF"
	        },
	"pierce": true,
	"speed": 600,
	"trailSpacing": 50,
	"collidesTiles" : true,
	"buildingDamageMultiplier": 1,
	"trailColor": "90caf9",
	"smokeEffect": {
	"type": "MultiEffect",
	"effects": [
	   {
    "type": "ParticleEffect",
    "particles": 1,
    "sizeFrom": 1,
    "sizeTo": 6,
    "length": 0,
    "lifetime": 25,
    "colorFrom": "FFFFFFFF",
    "colorTo": "202328FF",
    "cone": 360
	   },
	   {     
    "type": "ParticleEffect",
    "particles": 1,
    "sizeFrom": 1,
    "sizeTo": 45,
    "length": 0,
    "region": "exogenesis-tall",
    "lifetime": 25,
    "colorFrom": "FFFFFFFF",
    "colorTo": "202328FF",
    "cone": 360
	   },
	   {     
    "type": "ParticleEffect",
    "particles": 1,
    "sizeFrom": 1,
    "sizeTo": 45,
    "length": 0,
    "region": "exogenesis-wide",
    "lifetime": 25,
    "colorFrom": "FFFFFFFF",
    "colorTo": "202328FF",
    "cone": 360
	   },
	   {     
    "type": "WaveEffect",
    "lifetime": 20,
    "sizeFrom": 0,
    "sizeTo": 55,
    "sides": 5,
    "strokeFrom": 4,
    "strokeTo": 0,
    "colorFrom": "FFFFFFFF",
    "colorTo": "202328FF"
	   },
	   {     
    "type": "WaveEffect",
    "lifetime": 20,
    "sizeFrom": 0,
    "sides": 5,
    "rotation": 45,
    "sizeTo": 55,
    "strokeFrom": 4,
    "strokeTo": 0,
    "colorFrom": "FFFFFFFF",
    "colorTo": "202328FF"
	   }
	   ]
},
        "shootEffect": {
        "type": "MultiEffect",
        "effects": [
          {
        "type": "ParticleEffect",
        "particles": 1,
        "length": 0,
        "sizeFrom": 40,
        "lifetime": 35,
        "colorFrom": "FFFFFFFF",
        "colorTo": "202328FF",
        "region": "exogenesis-star"
          },
          {
        "type": "WaveEffect",
        "lifetime": 50,
        "sides": 8,
        "sizeTo": 80,
        "sizeFrom": 80,
        "colorFrom": "FFFFFFFF",
        "colorTo": "202328FF",
        "strokeFrom": 6,
        "strokeTo": 0
          }
        ]
      },
	"despawnEffect": {
    "type": "WaveEffect",
    "lifetime": 35,
    "sizeFrom": 0,
    "sizeTo": 45,
    "strokeFrom": 4,
    "strokeTo": 0,
    "colorFrom": "FFFFFFFF",
    "colorTo": "202328FF"
	},
	"hitEffect": {
    "type": "MultiEffect",
    "effects": [
    {
    "type": "ParticleEffect",
    "particles": 1,
    "length": 0,
    "sizeFrom": 60,
    "lifetime": 35,
    "colorFrom": "202328FF",
    "colorTo": "FFFFFFFF",
    "region": "exogenesis-star"
    },
    {
    "type": "ParticleEffect",
    "particles": 1,
    "sizeFrom": 1,
    "sizeTo": 40,
    "length": 0,
    "region": "exogenesis-tall",
    "lifetime": 37,
    "colorFrom": "202328FF",
    "colorTo": "FFFFFFFF",
    "cone": 360
	   },
	   {     
    "type": "ParticleEffect",
    "particles": 1,
    "sizeFrom": 1,
    "sizeTo": 40,
    "length": 0,
    "region": "exogenesis-wide",
    "lifetime": 37,
    "colorFrom": "202328FF",
    "colorTo": "FFFFFFFF",
    "cone": 360
	   },
	   {     
    "type": "ParticleEffect",
    "line": true,
    "particles": 25,
    "offset": 30,
    "lifetime": 15,
    "length": -45,
    "baseLength": 45,
    "cone": 360,
    "lenFrom": 26,
    "lenTo": 0,
    "colorFrom": "202328FF",
    "colorTo": "FFFFFFFF"
    },
    {
    "type": "WaveEffect",
    "lifetime": 10,
    "sizeFrom": 0,
    "sizeTo": 65,
    "strokeFrom": 4,
    "strokeTo": 0,
    "colorFrom": "202328FF",
    "colorTo": "FFFFFFFF"
    }
]
},
    "fragBullets": 8,
    "fragCone": 360,
    "fragAngle": 45,
	"fragBullet": {
    "type": "ShrapnelBulletType",
    "serrations": 1,
    "splashDamageRadius": 34,
    "length": 10,
    "width": 15,
    "fromColor": "FFFFFFFF",
    "toColor": "202328FF",
    "damage": 100
	}
    }
    }
  ]
}
