{
        "localizedName": "Poltergeist",
        "description": "[grey]A large flying unit equipped with four soul energy laser that are used in combat",
        "type": "flying",
        "research": "revenant",
        "speed": 0.92,
        "accel": 0.3,
        "drag": 0.03,
        "rotateSpeed": 1.2,
        "flying": true,
        "faceTarget": true,
        "health": 9800,
        "hitSize": 56,
        "armor": 12,
        "engineOffset": 30,
        "engineSize": 5.8,
        "lowAltitude": true,
        "range": 240,
        "targetAir": true,
        "commandLimit": 10,
	    "weapons": [
	   {
  "name": "soul-shotgun",
    "x": 17,
    "y": 12,
  "reload": 25,
  "alternate": true,
  "top": true,
  "rotate": true,
  "rotateSpeed": 2,
  "recoil": 1,
  "shootY": 3,
  "shots": 1,
  "shake": 0.5,
  "shootSound": "laser",
  "ejectEffect": "none",
  "cooldownTime": 25,
  "bullet": {
	"shootEffect": {
    "type": "WaveEffect",
    "lifetime": 35,
    "sizeFrom": 0,
    "sizeTo": 7,
    "strokeFrom": 4,
    "strokeTo": 0,
    "colorFrom": "FFFFFFFF",
    "colorTo": "202328FF"
	},
    "type": "LaserBulletType",
    "length": 240,
    "width": 15,
    "damage": 120,
	"hitEffect": {
    "type": "ParticleEffect",
    "line": true,
    "particles": 5,
    "lifetime": 18,
    "length": 35,
    "cone": -360,
    "lenFrom": 10,
    "lenTo": 0,
    "colorFrom": "202328FF",
    "colorTo": "FFFFFFFF"
	},
    "colors": ["202328FF", "3D414CFF", "FFFFFFFF"]
    }
  },
  {
  "name": "soul-shotgun",
  "y": -9,
  "x": 20,
  "reload": 28,
  "alternate": true,
  "top": true,
  "rotate": true,
  "rotateSpeed": 2,
  "recoil": 1,
  "shootY": 3,
  "shots": 1,
  "shake": 0.5,
  "shootSound": "laser",
  "ejectEffect": "none",
  "cooldownTime": 28,
  "bullet": {
	"shootEffect": {
    "type": "WaveEffect",
    "lifetime": 35,
    "sizeFrom": 0,
    "sizeTo": 7,
    "strokeFrom": 4,
    "strokeTo": 0,
    "colorFrom": "FFFFFFFF",
    "colorTo": "202328FF"
	},
    "type": "LaserBulletType",
    "length": 240,
    "width": 15,
    "damage": 120,
	"hitEffect": {
    "type": "ParticleEffect",
    "line": true,
    "particles": 5,
    "lifetime": 18,
    "length": 35,
    "cone": -360,
    "lenFrom": 10,
    "lenTo": 0,
    "colorFrom": "202328FF",
    "colorTo": "FFFFFFFF"
	},
    "colors": ["202328FF", "3D414CFF", "FFFFFFFF"]
			}
            }
        ]
}
