{
        "localizedName": "Reaper",
        "type": "flying",
        "description": "[grey] The executioner class titan unit. The reaper is a massive flying air unit that has a power soul energy ability capable of dealing massive damage all around it, it also has four small soul energy orb guns and two bigger ones, and it has rea0ers sword cannon that can peirce through units and structures",
        "details": "Kill them all",
        "singleTarget": true,
        "drawShields": false,
        "research": "lich",
        "lightRadius": 200,
        "rotateSpeed": 0.6,
        "speed": 0.5,
        "accel": 0.4,
        "drag": 0.4,
        "range": 430,
        "maxRange": 430,
        "aimDst": 430,
        "faceTarget": true,
        "flying": true,
        "health": 512000,
        "hitSize": 115,
        "armor": 56,
        "engineOffset": 52,
        
        "engineSize": 9.8,
        "lowAltitude": true,
        "targetAir": true,
        "commandLimit": 8,
        "immunities": [
		"burning",
		"wet",
		"slow",
		"sapped"
		],
	    "weapons": [
	   {
   "name": "shadow-gunner-small",
    "shootCone": 15,
    "mirror": true,
    "alternate": true,
    "rotate": true,
    "shootY": 6,
    "rotateSpeed": 5,
    "y": 37,
    "x": 39,
    "cooldownTime": 20,
    "reload": 20,
    "recoil": 1,
    "ejectEffect": "none",
    "shootSound": "sap",
    "bullet": {
   "sprite": "exogenesis-plasma",
    "type": "basicBulletType",
    "hitEffect": {
    "type": "ParticleEffect",
    "line": true,
    "particles": 5,
    "lifetime": 18,
    "length": 35,
    "cone": -360,
    "lenFrom": 10,
    "lenTo": 0,
    "colorFrom": "202328FF",
    "colorTo": "FFFFFFFF"
    },
    "shootEffect": {
    "type": "WaveEffect",
    "lifetime": 15,
    "sizeFrom": 0,
    "sizeTo": 10,
    "strokeFrom": 0,
    "strokeTo": 2,
    "colorFrom": "202328FF",
    "colorTo": "FFFFFFFF"
    },
    "damage": 120,
    "lightningColor": "202328FF",
    "lightning": 3,
    "lightningDamage": 15,
    "lightningLength": 6,
    "lightningCone": 360,
    "lightningLengthRand": 6,
    "homingDelay": 5,
  	"homingPower": 0.0556,
	"homingRange": 80,
	"weaveScale": 3,			
	"weaveMag": 3,
    "trailChance": 1,
    "trailEffect": {
    "type": "ParticleEffect",
    "particles": 1,
    "length": 0,
    "lifetime": 27,
    "sizeFrom": 5,
    "region": "exogenesis-plasma-back",
    "colorFrom": "202328FF",
    "colorTo": "FFFFFFFF"
    },
    "height": 8,
    "width": 8,
    "speed": 4,
    "frontColor": "202328FF",
    "backColor": "FFFFFFFF",
    "lifetime": 90
    }
	   },
	   {
 "name": "reaper-weapon",
  "x": 0,
  "y": 0,
  "mirror": false,
  "top": false,
  "shake": 4,
  "shootY": 36,
  "shootStatus": "unmoving",
  "shootStatusDuration": 170,
  "reload": 800,
  "cooldownTime": 390,
  "recoil": 0,
  "shots": 30,
  "inaccuracy": 360,
  "shotDelay": 5,
  "firstShotDelay": 120,
  "soundPitchMin": 1,
    "chargeSound": "lasercharge",
    "shootSound": "bigLaserShoot",
    "bullet": {
    "keepVelocity": false,
    "shootEffect": {
    "type": "multiEffect",
    "lifetime": 120,
    "effects": [
    {
    "type": "ParticleEffect",
    "line": true,
    "particles": 15,
    "lifetime": 110,
    "offset": 5,
    "length": 65,
    "baseLength": -65,
    "cone": -360,
    "sizeFrom": 5,
    "sizeTo": 0,
    "colorFrom": "FFFFFF",
    "colorTo": "202328FF"
    },
    {
    "type": "ParticleEffect",
    "particles": 1,
    "sizeFrom": 1,
    "sizeTo": 10,
    "length": 0,
    "lifetime": 120,
    "colorFrom": "FFFFFF",
    "colorTo": "202328FF",
    "cone": 360
    },
    {
    "type": "WaveEffect",
    "lifetime": 115,
    "sizeFrom": 65,
    "sizeTo": 0,
    "strokeFrom": 6,
    "strokeTo": 3,
    "colorFrom": "FFFFFF",
    "colorTo": "202328FF"
          }
        ]
      },
    "type": "LaserBulletType",
    "length": 400,
    "width": 57,
    "lifetime": 35,
    "damage": 1380,
    "lightningSpacing": 28,
    "lightningLength": 8,
    "lightningDelay": 1.1,
    "lightningLengthRand": 20,
    "lightningDamage": 50,
    "lightningAngleRand": 20,
    "lightColor": "3D414CFF",
    "lightningColor": "3D414CFF",
    "largeHit": true,
    "status": {
    "localizedName": "whispering Death",
    "name": "whispering-death",
    "damage": 3,
    "effect": "none",
    "speedMultiplier": 0.2,
    "damageMultiplier": 0.2,
    "healthMultiplier": 0.2
    },
    "statusDuration": 100,
    "hitEffect": {
    "type": "ParticleEffect",
    "line": true,
    "particles": 5,
    "lifetime": 30,
    "length": 35,
    "cone": -360,
    "lenFrom": 20,
    "lenTo": 0,
    "colorFrom": "FFFFFF",
    "colorTo": "A170F4FF"
      },
    "colors":["202328FF", "3D414CFF", "FFFFFFFF"],
    "sideAngle": 90,
    "sideLength": 0,
    "sideWidth": 0
    }
    },
    {
   "name": "shadow-gunner-small",
    "shootCone": 15,
    "mirror": true,
    "alternate": true,
    "rotate": true,
    "shootY": 6,
    "rotateSpeed": 5,
    "y": 13,
    "x": 42,
    "cooldownTime": 20,
    "reload": 20,
    "recoil": 1,
    "ejectEffect": "none",
    "shootSound": "sap",
    "bullet": {
   "sprite": "exogenesis-plasma",
    "type": "basicBulletType",
    "hitEffect": {
    "type": "ParticleEffect",
    "line": true,
    "particles": 5,
    "lifetime": 18,
    "length": 35,
    "cone": -360,
    "lenFrom": 10,
    "lenTo": 0,
    "colorFrom": "202328FF",
    "colorTo": "FFFFFFFF"
    },
    "shootEffect": {
    "type": "WaveEffect",
    "lifetime": 15,
    "sizeFrom": 0,
    "sizeTo": 10,
    "strokeFrom": 0,
    "strokeTo": 2,
    "colorFrom": "202328FF",
    "colorTo": "FFFFFFFF"
    },
    "damage": 120,
    "lightningColor": "202328FF",
    "lightning": 3,
    "lightningDamage": 15,
    "lightningLength": 6,
    "lightningCone": 360,
    "lightningLengthRand": 6,
    "homingDelay": 5,
  	"homingPower": 0.0556,
	"homingRange": 80,
	"weaveScale": 3,			
	"weaveMag": 3,
    "trailChance": 1,
    "trailEffect": {
    "type": "ParticleEffect",
    "particles": 1,
    "length": 0,
    "lifetime": 27,
    "sizeFrom": 5,
    "region": "exogenesis-plasma-back",
    "colorFrom": "202328FF",
    "colorTo": "FFFFFFFF"
    },
    "height": 8,
    "width": 8,
    "speed": 4,
    "frontColor": "202328FF",
    "backColor": "FFFFFFFF",
    "lifetime": 90
    }
	   },
	   {
   "name": "shadow-gunner",
    "shootCone": 15,
    "mirror": true,
    "alternate": true,
    "rotate": true,
    "rotateSpeed": 5,
    "y": -8,
    "x": 44,
    "shots": 4,
    "cooldownTime": 40,
    "shootY": 6,
    "reload": 40,
    "inaccuracy": 9,
    "shotDelay": "4",
    "recoil": 2,
    "ejectEffect": "none",
    "shootSound": "laser",
    "bullet": {
   "sprite": "testers-plasma",
    "type": "basicBulletType",
    "hitEffect": {
    "type": "ParticleEffect",
    "line": true,
    "particles": 5,
    "lifetime": 18,
    "length": 35,
    "cone": -360,
    "lenFrom": 10,
    "lenTo": 0,
    "colorFrom": "202328FF",
    "colorTo": "FFFFFFFF"
    },
    "shootEffect": {
    "type": "WaveEffect",
    "lifetime": 18,
    "sizeFrom": 0,
    "sizeTo": 20,
    "strokeFrom": 0,
    "strokeTo": 5,
    "colorFrom": "202328FF",
    "colorTo": "FFFFFFFF"
    },
    "damage": 100,
	"splashDamage" : 30,
	"splashDamageRadius" : 40,	
    "lightningColor": "202328FF",
    "lightning": 6,
    "lightningDamage": 85,
    "lightningLength": 10,
    "lightningCone": 360,
    "lightningLengthRand": 15,
    "homingDelay": 8,
  	"homingPower": 0.0656,
	"homingRange": 100,
	"weaveScale": 4,			
	"weaveMag": 4,
    "trailChance": 1,
    "trailEffect": {
    "type": "ParticleEffect",
    "particles": 1,
    "length": 0,
    "lifetime": 20,
    "sizeFrom": 4,
    "region": "exogenesis-plasma-back",
    "colorFrom": "202328FF",
    "colorTo": "FFFFFFFF"
    },
    "height": 5,
    "width": 5,
    "speed": 3,
    "frontColor": "202328FF",
    "backColor": "FFFFFFFF",
    "lifetime": 100
}
},
{
   "name": "reaper-cannon",
    "top": true,
    "mirror": false,
    "y": -17,
    "x": 0,
    "shots": 10,
    "rotate": true,
    "rotateSpeed": 2.7,
    "shootY": 14,
    "inaccuracy": 10,
    "reload": 230,
    "recoil": 3,
    "shotDelay": 5,
    "shake": 2,
    "shootCone": 20,
    "ejectEffect": "casing2",
    "shootSound": "shootBig",
           "bullet": { 
             "type": "basicBulletType",
             "sprite": "exogenesis-sword",
             "shootEffect": "shootBig2",
             "collidesAir": false,
             "collidesGround": false,
             "collidesTiles": false,
             "hitEffect": "none",
             "despawnEffect": {
             "type": "WaveEffect",
             "lifetime": 15,
             "sizeFrom": 0,
             "sizeTo": 30,
             "strokeFrom": 0,
             "strokeTo": 4,
             "colorFrom": "202328FF",
             "colorTo": "FFFFFFFF"
             },
             "drag": 0.03,
             "lifetime": 60,
             "damage": 240,
             "speed": 6,
			"shrinkX": 0,
			"shrinkY": 0,
             "width": 18,
             "height": 22,
             "trailColor": "202328FF",
	         "frontColor": "FFFFFFFF",
             "backColor": "202328FF",
             "fragBullets": 1,
             "fragCone": 1,
             "fragVelocityMin": 1,
             "fragVelocityMax": 1,
			 "fragBullet": {
			"type": "BasicBulletType",
			"sprite" : "exogenesis-sword",
			"status" : "slow",
			"height" : 30,
			"width" : 20,
			"shrinkX": 0,
			"shrinkY": 0,
			"lifetime": 120,
			"pierce": true,
			"speed": 5,
			"damage" : 320,
			"pierceBuilding": true,
			"homingPower": 0.0856,
	        "homingRange": 150,
	        "mixColorTo": "202328FF",
	         "frontColor": "FFFFFFFF",
             "backColor": "202328FF",
			"hitEffect": {
            "type": "ParticleEffect",
            "line": true,
            "particles": 5,
            "lifetime": 18,
            "length": 35,
            "cone": -360,
            "lenFrom": 10,
            "lenTo": 0,
            "colorFrom": "202328FF",
            "colorTo": "FFFFFFFF"
			},
			"despawnEffect": {
            "type": "WaveEffect",
            "lifetime": 25,
            "sizeFrom": 0,
            "sizeTo": 25,
            "strokeFrom": 4,
            "strokeTo": 0,
            "colorFrom": "202328FF",
            "colorTo": "FFFFFFFF"
           }
			 }
           }
}
]
}
