{
        "localizedName": "Revenant",
        "type": "flying",
	    "description": "[grey] a much more durable upgrade to the ghoul unit thats now equipped with soul energy rockets",
        "research": "ghoul",
        "lowAltitude": true,
        "rotateSpeed": 2,
        "speed": 1.3,
        "accel": 0.3,
        "drag": 0.03,
        "flying": true,
        "health": 2220,
        "armor": 6,
        "hitSize": 29,
        "engineOffset": 19,
        "engineSize": 4,
        "range": 150,
        "targetAir": true,
        "commandLimit": 8,
        "faceTarget": true,
	    "weapons": [
	   {
    "name": "soul-rocket",
    "shootCone": 15,
    "alternate": true,
    "mirror": true,
    "top": true,
    "y": 5,
    "x": 7.8,
    "reload": 28,
    "shootSound": "missile",
    "recoil": 1,
    "shots": 2, 
    "bullet": {
    "keepVelocity": false, 
    "type": "MissileBulletType",
    "shootEffect": "shootSmall",
    "damage": 25,
    "speed": 4,
    "height": 10,
    "width": 8,
	"frontColor": "FFFFFFFF",
    "backColor": "202328FF",
    "trailColor": "202328FF",
    "lifetime": 55,
  	"homingPower": 0.0567,
	"homingRange": 50,
	"weaveScale": 5,			
	"weaveMag": 2,
	"splashDamageRadius": 20,
	"splashDamage": 10 
    }
	   },
	   {
    "name": "soul-rocket",
    "shootCone": 15,
    "alternate": true,
    "mirror": true,
    "top": true,
    "y": -7,
    "x": 7.8,
    "reload": 28,
    "shootSound": "missile",
    "recoil": 1,
    "shots": 2, 
    "bullet": {
    "keepVelocity": false, 
    "type": "MissileBulletType",
    "shootEffect": "shootSmall",
    "damage": 25,
    "speed": 4,
    "height": 10,
    "width": 8,
	"frontColor": "FFFFFFFF",
    "backColor": "202328FF",
    "trailColor": "202328FF",
    "lifetime": 55,
  	"homingPower": 0.0567,
	"homingRange": 50,
	"weaveScale": 5,			
	"weaveMag": 2,
	"splashDamageRadius": 20,
	"splashDamage": 10   
        
    }

            }
        ]
}
