{
"name": "Varmint",
"controller": "SuicideAI",
"description": "[grey]A melee unit with power claws.",
"research": "critter",
"type": "mech",
"canBoost": true,
"boostMultiplier": 2.0,
"engineOffset": 9,
"armor": 9,
"hitSize": 24,
"mechFrontSway": 0.55,
"commandLimit": 6,
"speed": 0.84,
"flying": false,
"health": 850,
"range": 55,
"immunities": [
		"melting",
		"burning"
		],
"weapons": [
{
  "name": "varmint-arm",
  "x": 10,
  "y": 0,
  "reload": 18,
  "alternate": true,
  "rotate": true,
  "rotateSpeed": 1.8,
  "top": false,
  "shots": 1,
  "recoil": -9.2,
  "shootY": 5,
  "shootSound": "swings",
  "ejectEffect": "none",
  "bullet": {
  "type": "ShrapnelBulletType",
  "recoil": -1.9,
  "fromColor": "FFFFFFFF",
  "toColor": "202328FF",
  "hitColor": "FFFFFFFF",
  "hitEffect": {
    "type": "ParticleEffect",
    "line": true,
    "particles": 5,
    "lifetime": 15,
    "length": 35,
    "cone": -30,
    "lenFrom": 7,
    "lenTo": 0,
    "colorFrom": "202328FF",
    "colorTo": "FFFFFFFF"
  },
  "shootEffect": "none",
  "smokeEffect": "none",
  "knockback": -1,
  "keepVelocity": false,
    "width": 0,
    "length": 28,
    "lifetime": 20,
	"serrations": 0,
	"damage": 57,
	"hittable": false,
	"reflectable": false,
	"absorbable": false,
	"hitLarge": true,
	"pierceBuilding": true
  }
  },
  {
    "name": "none",
    "shootCone": 15,
    "shots": 1,
    "inaccuracy": 0,
    "x": 0,
    "y": 0,
    "reload": 35,
    "recoil": 0.5,
    "shootY": 12,
    "rotateSpeed": 1.6,
    "shootSound": "none",
    "bullet": {
	"type" : "RailBulletType",
	"damage": 0,
	"length" : 55,
	"shootEffect": "none",
	"ammoMultiplier": 3,
	"pierce": true,
	"pierceBuilding": true,
	"pierceDamageFactor": 0.3,
	"collidesAir": true,
	"collidesGround": true,
	"collidesTiles" : true,
	"updateEffectSeg":80,
	"hitEffect" : "none"
    }
  }
]
}
