{
        "localizedName": "Wraith",
        "research": "dagger",
        "type": "flying",
	    "description": "[grey]A small and fast unit created by the vyrthians. fires soul energy orb at enemies",
        "lowAltitude": true,
        "speed": 2.2,
        "accel": 0.3,
        "drag": 0.03,
        "flying": true,
        "health": 300,
        "hitSize": 12,
        "armor": 1,
        "itemCapacity": 10,
        "engineOffset": 6,
        "range": 100,
        "targetAir": true,
        "commandLimit": 8,
        "faceTarget": true,
	    "weapons": [
	   {
   "name": "wraith-soul-shot",
    "shootCone": 15,
    "mirror": false,
    "shootY": 6.5,
    "y": 0,
    "x": 0,
    "cooldownTime": 20,
    "reload": 27,
    "recoil": 1,
    "ejectEffect": "none",
    "shootSound": "sap",
    "bullet": {
   "sprite": "exogenesis-plasma",
    "type": "basicBulletType",
    "hitEffect": {
    "type": "ParticleEffect",
    "line": true,
    "particles": 5,
    "lifetime": 18,
    "length": 35,
    "cone": -360,
    "lenFrom": 10,
    "lenTo": 0,
    "colorFrom": "202328FF",
    "colorTo": "FFFFFFFF"
    },
    "shootEffect": {
    "type": "WaveEffect",
    "lifetime": 15,
    "sizeFrom": 0,
    "sizeTo": 10,
    "strokeFrom": 0,
    "strokeTo": 2,
    "colorFrom": "202328FF",
    "colorTo": "FFFFFFFF"
    },
    "damage": 15,
    "lightningColor": "202328FF",
    "lightning": 3,
    "lightningDamage": 7,
    "lightningLength": 6,
    "lightningCone": 360,
    "lightningLengthRand": 6,
    "homingDelay": 5,
  	"homingPower": 0.0556,
	"homingRange": 80,
	"weaveScale": 3,			
	"weaveMag": 3,
    "trailChance": 1,
    "trailEffect": {
    "type": "ParticleEffect",
    "particles": 1,
    "length": 0,
    "lifetime": 27,
    "sizeFrom": 4,
    "region": "exogenesis-plasma-back",
    "colorFrom": "202328FF",
    "colorTo": "FFFFFFFF"
    },
    "height": 5,
    "width": 5,
    "speed": 4,
    "frontColor": "202328FF",
    "backColor": "FFFFFFFF",
    "lifetime": 90
}
}
]
}
