{
  "type": "legs",
  "outlineColor": "36363c",
  "research": {
    "parent": "b01-orion",
    "requirements": [
      "astrolite/600",
      "lead/640",
      "silicon/800"
    ]
  },
  "speed": 0.8,
  "hitSize": 12,
  "health": 890,
  "armor": 4,
  "drag": 0.4,
  "faceTarget": true,
  "range": 180,
  "flying": false,
  "targetAir": true,
  "rotateSpeed": 3,
  "legCount": 6,
  "legMaxLength": 1.1,
  "legMinLength": 0.6,
  "legLengthScl": 0.96,
  "legForwardScl": 2,
  "legExtension": -4,
  "legStraightness": 0.3,
  "legPhysicsLayer": false,
  "legContinuousMove": true,
  "lockLegBase": true,
  "rippleScale": 0.2,
  "legBaseOffset": 3,
  "legMoveSpace": 0.6,
  "legLength": 18,
  "allowLegStep": true,
  "hovering": true,
  "immunities": [
    "freezing"
  ],
  "weapons": [
    {
      "name": "galileo-stars",
      "shootCone": 15,
      "mirror": false,
      "top": false,
      "inaccuracy": 40,
      "x": 0,
      "y": 0,
      "reload": 5,
      "shootY": 0,
      "recoil": 0,
      "smoothReloadSpeed": 0.15,
      "shootWarmupSpeed": 0.05,
      "minWarmup": 0.9,
      "shootSound": "bolt",
      "parts": [
        {
          "type": "FlarePart",
          "color2": "FFFFFF",
          "color1": "A9D8FFFF",
          "y": 0,
          "followRotation": true,
          "stroke": 3,
          "radius": 10,
          "partProgress": "warmup"
        }
      ],
      "bullet": {
        "type": "basicBulletType",
        "sprite": "exogenesis-energy-partical",
        "hitEffect": {
          "type": "ParticleEffect",
          "line": true,
          "particles": 8,
          "lifetime": 26,
          "length": 35,
          "cone": -40,
          "lenFrom": 6,
          "lenTo": 6,
          "colorFrom": "A9D8FFFF",
          "colorTo": "66B1FFFF"
        },
        "despawnEffect": {
          "type": "ParticleEffect",
          "line": true,
          "particles": 8,
          "lifetime": 26,
          "length": 35,
          "cone": -40,
          "lenFrom": 6,
          "lenTo": 6,
          "colorFrom": "A9D8FFFF",
          "colorTo": "66B1FFFF"
        },
        "homingPower": 0.07,
        "homingRange": 90,
        "homingDelay": 8,
        "trailColor": "66B1FFff",
        "trailLength": 8,
        "trailWidth": 1.3,
        "lifetime": 43,
        "damage": 10,
        "statusDuration": 30,
        "status": "freezing",
        "speed": 6,
        "width": 20,
        "height": 20,
        "backColor": "66B1FFff",
        "frontColor": "ffffFFFF"
      }
    }
  ]
}
