{
  "type": "flying",
  "research": {
    "parent": "b02-gacrux",
    "requirements": [
      "astrolite/1200",
      "lead/2340",
      "silicon/1400"
    ]
  },
  "lowAltitude": false,
  "speed": 1.6,
  "accel": 0.1,
  "drag": 0.02,
  "outlineColor": "36363c",
  "engineColor": "A9D8FFFF",
  "flying": true,
  "health": 2000,
  "armor": 4,
  "hitSize": 29,
  "engineOffset": 14,
  "engineSize": 3.4,
  "range": 150,
  "targetAir": true,
  "circleTarget": true,
  "faceTarget": false,
  "weapons": [
    {
      "x": 11.5,
      "y": -5,
      "shootCone": 300,
      "mirror": true,
      "rotate": false,
      "alternate": false,
      "shoot": {
        "shots": 8
      },
      "velocityRnd": 0.6,
      "reload": 75,
      "ignoreRotation": true,
      "shootSound": "plamsadrop",
      "inaccuracy": 29,
      "bullet": {
        "damage": 10,
        "speed": -1.5,
        "drag": 0.04,
        "type": "basicBulletType",
        "collidesAir": false,
        "collides": false,
        "status": "freezing",
        "statusDuration": 100,
        "shrinkY": 0.7,
        "shrinkX": 0.7,
        "trailColor": "66B1FFFF",
        "trailLength": 10,
        "trailWidth": 2,
        "despawnShake": 3,
        "hitSound": "plasmaboom",
        "sprite": "exogenesis-energy-partical",
        "splashDamage": 50,
        "splashDamageRadius": 35,
        "spin": 3,
        "keepVelocity": false,
        "shootEffect": "none",
        "hitEffect": {
          "type": "multiEffect",
          "effects": [
            {
              "type": "ParticleEffect",
              "line": true,
              "particles": 7,
              "lifetime": 20,
              "offset": 50,
              "length": 65,
              "cone": -360,
              "lenFrom": 6,
              "lenTo": 0,
              "colorFrom": "A9D8FFFF",
              "colorTo": "66B1FFFF"
            },
            {
              "type": "ParticleEffect",
              "particles": 1,
              "sizeFrom": 25,
              "sizeTo": 0,
              "length": 0,
              "lightColor": "73FFAEFF",
              "lifetime": 30,
              "layer": 109,
              "region": "exogenesis-star",
              "colorFrom": "A9D8FFFF",
              "colorTo": "66B1FFFF"
            },
            {
              "type": "ParticleEffect",
              "particles": 1,
              "sizeFrom": 10,
              "sizeTo": 0,
              "length": 0,
              "lightColor": "73FFAEFF",
              "lifetime": 30,
              "layer": 109,
              "region": "exogenesis-star",
              "colorFrom": "FFFFFFF",
              "colorTo": "FFFFFFF"
            }
          ]
        },
        "width": 37,
        "height": 37,
        "lifetime": 30,
        "frontColor": "FFFFFFF",
        "mixColorTo": "A9D8FFFF",
        "backColor": "66B1FFFF"
      }
    }
  ]
}
