{
  "research": {
    "parent": "b03-kuiper",
    "requirements": [
      "astrolite/2500",
      "terrilium/2400",
      "lead/2640",
      "silicon/2800"
    ]
  },
  "groundLayer": 75,
  "drawShields": false,
  "type": "legs",
  "speed": 0.42,
  "hitSize": 52,
  "health": 12000,
  "faceTarget": true,
  "armor": 7,
  "drag": 0.2,
  "range": 180,
  "outlineColor": "36363c",
  "flying": false,
  "targetAir": true,
  "rotateSpeed": 1.5,
  "legCount": 4,
  "legMoveSpace": 1.1,
  "legContinuousMove": true,
  "legLength": 18.5,
  "legBaseOffset": 19,
  "legSpeed": 0.001,
  "rippleScale": 2.8,
  "legSplashDamage": 56,
  "legSplashRange": 30,
  "hovering": true,
  "immunities": [
    "burning",
    "melting",
    "freezing"
  ],
  "weapons": [
    {
      "name": "oort-laser",
      "reload": 29,
      "alternate": true,
      "mirror": true,
      "x": 18,
      "y": 12,
      "shootY": 9,
      "recoil": 3,
      "shake": 1,
      "rotateSpeed": 2,
      "rotate": true,
      "shootSound": "laser",
      "shootCone": 45,
      "bullet": {
        "shootEffect": {
          "type": "WaveEffect",
          "lifetime": 25,
          "sizeFrom": 0,
          "sizeTo": 7,
          "strokeFrom": 4,
          "strokeTo": 0,
          "colorFrom": "66B1FFFF",
          "colorTo": "66B1FFFF"
        },
        "type": "LaserBulletType",
        "length": 200,
        "width": 20,
        "damage": 100,
        "lightColor": "A9D8FFFF",
        "hitEffect": {
          "type": "ParticleEffect",
          "line": true,
          "particles": 15,
          "lifetime": 20,
          "offset": 50,
          "length": 55,
          "cone": -360,
          "lenFrom": 5,
          "lenTo": 0,
          "colorFrom": "A9D8FFFF",
          "colorTo": "66B1FFFF"
        },
        "colors": [
          "66B1FFFF",
          "A9D8FFFF",
          "FFFFFF"
        ],
        "sideAngle": 25,
        "sideLength": 0,
        "sideWidth": 0
      }
    },
    {
      "type": "RepairBeamWeapon",
      "mirror": true,
      "alternate": false,
      "rotateSpeed": 3,
      "name": "oort-repairer-weapon",
      "x": 25,
      "y": -6,
      "shootY": 8,
      "reload": 1,
      "rotate": true,
      "shootSound": "laser",
      "controllable": false,
      "autoTarget": true,
      "beamWidth": 0.9,
      "laserColor": "66B1FFFF",
      "pulseRadius": 6,
      "pulseStroke": 2,
      "repairSpeed": 1.75,
      "bullet": {
        "shootEffect": {
          "type": "WaveEffect",
          "lifetime": 25,
          "sizeFrom": 0,
          "sizeTo": 7,
          "strokeFrom": 4,
          "strokeTo": 0,
          "colorFrom": "66B1FFFF",
          "colorTo": "66B1FFFF"
        },
        "maxRange": 460
      }
    },
    {
      "name": "oort-weapon",
      "x": 0,
      "y": 0,
      "mirror": false,
      "top": false,
      "shake": 4,
      "shootY": 7,
      "shoot": {
        "type": "shootPattern",
        "firstShotDelay": 90,
        "shots": 8
      },
      "velocityRnd": 0.22,
      "inaccuracy": 10,
      "shootStatus": "unmoving",
      "shootStatusDuration": 120,
      "reload": 400,
      "cooldownTime": 390,
      "soundPitchMin": 1,
      "chargeSound": "lasercharge",
      "shootSound": "shootSmite",
      "bullet": {
        "keepVelocity": false,
        "chargeEffect": {
          "type": "multiEffect",
          "lifetime": 80,
          "effects": [
            {
              "type": "WaveEffect",
              "lifetime": 85,
              "sizeFrom": 75,
              "sizeTo": 0,
              "interp": "pow3In",
              "strokeFrom": 0,
              "strokeTo": 6,
              "colorFrom": "66B1FFFF",
              "colorTo": "A9D8FFFF"
            },
            {
              "type": "ParticleEffect",
              "line": true,
              "particles": 5,
              "lifetime": 80,
              "offset": 50,
              "length": 120,
              "baseLength": -120,
              "cone": 360,
              "interp": "pow3In",
              "sizeInterp": "pow5Out",
              "strokeFrom": 0,
              "strokeTo": 2,
              "lenFrom": 0,
              "lenTo": 7,
              "colorFrom": "A9D8FFFF",
              "colorTo": "66B1FFFF"
            },
            {
              "type": "ParticleEffect",
              "line": true,
              "particles": 5,
              "lifetime": 70,
              "offset": 50,
              "length": 100,
              "baseLength": -100,
              "cone": 360,
              "interp": "pow3In",
              "sizeInterp": "pow5Out",
              "strokeFrom": 0,
              "strokeTo": 2,
              "lenFrom": 0,
              "lenTo": 6,
              "colorFrom": "A9D8FFFF",
              "colorTo": "66B1FFFF"
            },
            {
              "type": "ParticleEffect",
              "line": true,
              "particles": 5,
              "lifetime": 60,
              "offset": 50,
              "length": 80,
              "baseLength": -80,
              "cone": 360,
              "interp": "pow3In",
              "sizeInterp": "pow5Out",
              "strokeFrom": 0,
              "strokeTo": 2,
              "lenFrom": 0,
              "lenTo": 5,
              "colorFrom": "A9D8FFFF",
              "colorTo": "66B1FFFF"
            },
            {
              "type": "ParticleEffect",
              "particles": 1,
              "sizeFrom": 2,
              "sizeTo": 39,
              "interp": "swingOut",
              "length": 0,
              "spin": 7,
              "lifetime": 90,
              "region": "exogenesis-wide",
              "colorFrom": "A9D8FFFF",
              "colorTo": "66B1FFFF"
            },
            {
              "type": "ParticleEffect",
              "particles": 1,
              "sizeFrom": 2,
              "sizeTo": 34,
              "length": 0,
              "interp": "swingOut",
              "spin": -7,
              "lifetime": 90,
              "region": "exogenesis-tall",
              "colorFrom": "A9D8FFFF",
              "colorTo": "66B1FFFF"
            },
            {
              "type": "ParticleEffect",
              "particles": 1,
              "sizeFrom": 1,
              "sizeTo": 14,
              "interp": "swingOut",
              "length": 0,
              "lifetime": 90,
              "colorFrom": "66B1FFFF",
              "colorTo": "66B1FFFF",
              "cone": 360
            },
            {
              "type": "ParticleEffect",
              "particles": 1,
              "sizeFrom": 1,
              "sizeTo": 7,
              "interp": "swingOut",
              "length": 0,
              "lifetime": 90,
              "colorFrom": "FFFFFFF",
              "colorTo": "FFFFFFF",
              "cone": 360
            }
          ]
        },
        "type": "EmpBulletType",
        "hitEffect": {
          "type": "multiEffect",
          "effects": [
            {
              "type": "ParticleEffect",
              "line": true,
              "particles": 15,
              "lifetime": 60,
              "offset": 50,
              "length": 55,
              "cone": -360,
              "strokeFrom": 0,
              "strokeTo": 2,
              "lenFrom": 8,
              "lenTo": 0,
              "colorFrom": "A9D8FFFF",
              "colorTo": "66B1FFFF"
            },
            {
              "type": "WaveEffect",
              "lifetime": 35,
              "sizeFrom": 0,
              "sizeTo": 56,
              "strokeFrom": 6,
              "strokeTo": 0,
              "colorFrom": "66B1FFFF",
              "colorTo": "A9D8FFFF"
            }
          ]
        },
        "spin": 3,
        "sprite": "exogenesis-asteroid-bullet",
        "trailColor": "66B1FFFF",
        "trailEffect": "none",
        "trailLength": 16,
        "trailWidth": 3,
        "lifetime": 100,
        "hitPowerEffect": "none",
        "chainEffect": "none",
        "applyEffect": "none",
        "buildingDamageMultiplier": 0.6,
        "splashDamage": 100,
        "splashDamageRadius": 80,
        "homingPower": 0.00168,
        "homingRange": 50,
        "damage": 220,
        "shrinkY": 0,
        "shrinkX": 0,
        "radius": 80,
        "timeIncrease": 0,
        "powerDamageScl": 0.001,
        "powerSclDecrease": 0.001,
        "unitDamageScl": 0.9,
        "status": "blasted",
        "statusDuration": 100,
        "lightColor": "66B1FFFF",
        "speed": 5,
        "width": 21,
        "height": 21,
        "frontColor": "FFFFFFFF",
        "backColor": "66B1FFFF"
      }
    }
  ],
  "abilities": [
    {
      "type": "mindustry.entities.abilities.RepairFieldAbility",
      "activeEffect": {
        "type": "WaveEffect",
        "lifetime": 25,
        "sizeFrom": 0,
        "sizeTo": 120,
        "strokeFrom": 10,
        "strokeTo": 0,
        "colorFrom": "A9D8FFFF",
        "colorTo": "A9D8FFFF"
      },
      "healEffect": {
        "type": "ParticleEffect",
        "line": true,
        "particles": 15,
        "lifetime": 20,
        "offset": 50,
        "length": 45,
        "cone": -360,
        "strokeFrom": 0,
        "strokeTo": 2,
        "lenFrom": 5,
        "lenTo": 0,
        "colorFrom": "FFFFFF",
        "colorTo": "A9D8FFFF"
      },
      "range": 120,
      "amount": 485,
      "reload": 280
    }
  ]
}
