{
  "research": {
    "parent": "b06-eros",
    "requirements": [
      "astrolite/10000",
      "terrilium/7000",
      "omega-blue/6000",
      "osmium/6440",
      "silicon/9670"
    ]
  },
  "groundLayer": 75,
  "singleTarget": true,
  "drawShields": false,
  "lightRadius": 200,
  "outlineColor": "36363c",
  "type": "legs",
  "canDrown": false,
  "speed": 0.35,
  "hitSize": 60,
  "health": 190000,
  "armor": 70,
  "drag": 0.2,
  "drownTimeMultiplier": 20,
  "flying": false,
  "targetAir": true,
  "rotateSpeed": 1.5,
  "legCount": 8,
  "legMoveSpace": 0.85,
  "legMaxLength": 1.6,
  "legExtension": -5,
  "legLength": 85,
  "legPairOffset": 4,
  "legBaseOffset": 14,
  "legSpeed": 0.8,
  "legContinuousMove": true,
  "rippleScale": 3.5,
  "legSplashDamage": 186,
  "legSplashRange": 40,
  "allowLegStep": true,
  "hovering": true,
  "parts": [
    {
      "type": "shapePart",
      "hollow": true,
      "circle": true,
      "y": -21,
      "layer": 110,
      "color": "66B1FFff",
      "stroke": 2,
      "strokeTo": 2,
      "radiusTo": 15,
      "radius": 15
    },
    {
      "type": "shapePart",
      "hollow": true,
      "circle": true,
      "y": -21,
      "layer": 110,
      "color": "66B1FFff",
      "stroke": 2,
      "strokeTo": 2,
      "radiusTo": 4.5,
      "radius": 4.5
    },
    {
      "type": "shapePart",
      "hollow": true,
      "circle": false,
      "sides": 5,
      "y": -21,
      "rotateSpeed": 1,
      "layer": 110,
      "color": "66B1FFff",
      "stroke": 2,
      "strokeTo": 2,
      "radiusTo": 10,
      "radius": 10
    },
    {
      "type": "shapePart",
      "hollow": true,
      "circle": false,
      "sides": 5,
      "y": -21,
      "rotateSpeed": -1,
      "layer": 110,
      "color": "66B1FFff",
      "stroke": 2,
      "strokeTo": 2,
      "radiusTo": 15,
      "radius": 15
    },
    {
      "type": "HaloPart",
      "y": -21,
      "radius": 6,
      "tri": true,
      "layer": 110,
      "color": "66B1FFff",
      "haloRadius": 22,
      "haloRadiusTo": 22,
      "haloRotation": 90,
      "shapeRotation": 180,
      "stroke": 0,
      "strokeTo": 4.7,
      "shapes": 2,
      "triLengthTo": 6,
      "triLength": 6
    },
    {
      "type": "HaloPart",
      "y": -21,
      "radius": 6,
      "tri": true,
      "layer": 110,
      "color": "66B1FFff",
      "haloRadius": 22,
      "haloRotation": 90,
      "haloRadiusTo": 22,
      "stroke": 0,
      "strokeTo": 4.7,
      "shapes": 2,
      "triLengthTo": 33,
      "triLength": 33
    },
    {
      "type": "HaloPart",
      "y": -21,
      "radius": 4,
      "tri": true,
      "layer": 110,
      "color": "66B1FFff",
      "haloRadius": 22,
      "haloRadiusTo": 22,
      "haloRotation": 55,
      "shapeRotation": 180,
      "stroke": 0,
      "strokeTo": 3.7,
      "shapes": 2,
      "triLengthTo": 6,
      "triLength": 6
    },
    {
      "type": "HaloPart",
      "y": -21,
      "radius": 3,
      "tri": true,
      "layer": 110,
      "color": "66B1FFff",
      "haloRadius": 22,
      "haloRotation": 55,
      "haloRadiusTo": 22,
      "stroke": 0,
      "strokeTo": 3.7,
      "shapes": 2,
      "triLengthTo": 19,
      "triLength": 19
    },
    {
      "type": "HaloPart",
      "y": -21,
      "radius": 4,
      "tri": true,
      "layer": 110,
      "color": "66B1FFff",
      "haloRadius": 22,
      "haloRadiusTo": 22,
      "haloRotation": -55,
      "shapeRotation": 180,
      "stroke": 0,
      "strokeTo": 3.7,
      "shapes": 2,
      "triLengthTo": 6,
      "triLength": 6
    },
    {
      "type": "HaloPart",
      "y": -21,
      "radius": 4,
      "tri": true,
      "layer": 110,
      "color": "66B1FFff",
      "haloRadius": 22,
      "haloRotation": -55,
      "haloRadiusTo": 22,
      "stroke": 0,
      "strokeTo": 3.7,
      "shapes": 2,
      "triLengthTo": 19,
      "triLength": 19
    },
    {
      "type": "HaloPart",
      "y": -21,
      "radius": 5.4,
      "tri": true,
      "layer": 110,
      "color": "66B1FFff",
      "haloRotateSpeed": -1,
      "haloRadius": 15,
      "haloRadiusTo": 15,
      "stroke": 0,
      "strokeTo": 3,
      "shapes": 3,
      "triLengthTo": 6,
      "triLength": 6
    },
    {
      "type": "HaloPart",
      "y": -21,
      "radius": 5.4,
      "tri": true,
      "layer": 110,
      "color": "66B1FFff",
      "haloRotateSpeed": 1,
      "haloRadius": 15,
      "haloRadiusTo": 15,
      "stroke": 0,
      "strokeTo": 3,
      "shapes": 3,
      "triLengthTo": 6,
      "triLength": 6
    },
    {
      "type": "RegionPart",
      "suffix": "-wing-0",
      "layerOffset": -0.002,
      "rotation": 27.5,
      "x": 18.5,
      "y": 32,
      "mirror": true
    },
    {
      "type": "RegionPart",
      "suffix": "-wing-1",
      "layerOffset": -0.001,
      "rotation": 25,
      "x": 22,
      "y": 26,
      "mirror": true
    },
    {
      "type": "RegionPart",
      "suffix": "-wing-3",
      "layerOffset": -0.001,
      "rotation": -25,
      "x": 28,
      "y": 18,
      "mirror": true
    },
    {
      "type": "RegionPart",
      "suffix": "-wing-1",
      "layerOffset": -0.001,
      "rotation": -25,
      "x": 32,
      "y": -8,
      "mirror": true
    }
  ],
  "immunities": [
    "burning",
    "melting",
    "slow",
    "exogenesis-elders-energy",
    "exogenesis-high-energy-blast",
    "freezing"
  ],
  "weapons": [
    {
      "name": "orion-small",
      "x": -30,
      "y": -7,
      "shootY": 12,
      "shootCone": 45,
      "rotateSpeed": 2.6,
      "reload": 20,
      "heatColor": "A9D8FFFF",
      "rotationLimit": 35,
      "recoil": 4,
      "shootSound": "blaster",
      "mirror": true,
      "alternate": true,
      "rotate": true,
      "bullet": {
        "type": "EmpBulletType",
        "width": 13,
        "height": 17,
        "sprite": "circle-bullet",
        "frontColor": "FFFFFF",
        "backColor": "66B1FFFF",
        "lifetime": 60,
        "speed": 8,
        "damage": 65,
        "trailRotation": true,
        "pierceArmor": true,
        "shrinkY": 0,
        "shrinkX": 0,
        "radius": 60,
        "hitPowerEffect": {
          "type": "ParticleEffect",
          "line": true,
          "particles": 6,
          "lifetime": 22,
          "length": 80,
          "cone": -360,
          "lenFrom": 6,
          "lenTo": 6,
          "colorFrom": "FFFFFFF",
          "colorTo": "A9D8FFFF"
        },
        "hitColor": "A9D8FFFF",
        "timeIncrease": 0.5,
        "powerDamageScl": 0.36,
        "powerSclDecrease": 0.1,
        "unitDamageScl": 0.36,
        "shootEffect": "lightningShoot",
        "despawnEffect": {
          "type": "ParticleEffect",
          "line": true,
          "particles": 7,
          "lifetime": 20,
          "offset": 50,
          "length": 85,
          "cone": -360,
          "lenFrom": 6,
          "lenTo": 0,
          "colorFrom": "A9D8FFFF",
          "colorTo": "66B1FFFF"
        },
        "hitEffect": {
          "type": "ParticleEffect",
          "line": true,
          "particles": 7,
          "lifetime": 20,
          "offset": 50,
          "length": 85,
          "cone": -360,
          "lenFrom": 6,
          "lenTo": 0,
          "colorFrom": "A9D8FFFF",
          "colorTo": "66B1FFFF"
        },
        "trailColor": "66B1FFFF",
        "lightning": 6,
        "lightningDamage": 10,
        "lightningColor": "66B1FFFF",
        "lightningCone": 360,
        "lightningLengthRand": 4,
        "lightningLength": 3,
        "pierce": true,
        "pierceCap": 3,
        "trailParam": 6,
        "trailLength": 10,
        "trailWidth": 3.5,
        "trailChance": 1,
        "trailEffect": {
          "type": "ParticleEffect",
          "line": true,
          "particles": 3,
          "lifetime": 20,
          "offset": 50,
          "length": -85,
          "cone": -30,
          "lenFrom": 6,
          "lenTo": 0,
          "colorFrom": "A9D8FFFF",
          "colorTo": "66B1FFFF"
        },
        "status": "exogenesis-high-energy-blast",
        "statusDuration": 150
      }
    },
    {
      "name": "orion-small",
      "x": -20,
      "y": 6,
      "shootY": 12,
      "shootCone": 45,
      "rotateSpeed": 2.6,
      "reload": 20,
      "heatColor": "A9D8FFFF",
      "rotationLimit": 35,
      "recoil": 4,
      "shootSound": "blaster",
      "mirror": true,
      "alternate": true,
      "rotate": true,
      "bullet": {
        "type": "EmpBulletType",
        "width": 13,
        "height": 17,
        "sprite": "circle-bullet",
        "frontColor": "FFFFFF",
        "backColor": "66B1FFFF",
        "lifetime": 60,
        "speed": 8,
        "damage": 65,
        "trailRotation": true,
        "pierceArmor": true,
        "shrinkY": 0,
        "shrinkX": 0,
        "radius": 60,
        "hitPowerEffect": {
          "type": "ParticleEffect",
          "line": true,
          "particles": 6,
          "lifetime": 22,
          "length": 80,
          "cone": -360,
          "lenFrom": 6,
          "lenTo": 6,
          "colorFrom": "FFFFFFF",
          "colorTo": "A9D8FFFF"
        },
        "hitColor": "A9D8FFFF",
        "timeIncrease": 0.5,
        "powerDamageScl": 0.36,
        "powerSclDecrease": 0.1,
        "unitDamageScl": 0.36,
        "shootEffect": "lightningShoot",
        "despawnEffect": {
          "type": "ParticleEffect",
          "line": true,
          "particles": 7,
          "lifetime": 20,
          "offset": 50,
          "length": 85,
          "cone": -360,
          "lenFrom": 6,
          "lenTo": 0,
          "colorFrom": "A9D8FFFF",
          "colorTo": "66B1FFFF"
        },
        "hitEffect": {
          "type": "ParticleEffect",
          "line": true,
          "particles": 7,
          "lifetime": 20,
          "offset": 50,
          "length": 85,
          "cone": -360,
          "lenFrom": 6,
          "lenTo": 0,
          "colorFrom": "A9D8FFFF",
          "colorTo": "66B1FFFF"
        },
        "trailColor": "66B1FFFF",
        "lightning": 6,
        "lightningDamage": 10,
        "lightningColor": "66B1FFFF",
        "lightningCone": 360,
        "lightningLengthRand": 4,
        "lightningLength": 3,
        "pierce": true,
        "pierceCap": 3,
        "trailParam": 6,
        "trailLength": 10,
        "trailWidth": 3.5,
        "trailChance": 1,
        "trailEffect": {
          "type": "ParticleEffect",
          "line": true,
          "particles": 3,
          "lifetime": 20,
          "offset": 50,
          "length": -85,
          "cone": -30,
          "lenFrom": 6,
          "lenTo": 0,
          "colorFrom": "A9D8FFFF",
          "colorTo": "66B1FFFF"
        },
        "status": "exogenesis-high-energy-blast",
        "statusDuration": 150
      }
    },
    {
      "name": "orion-big-gun",
      "mirror": true,
      "shootCone": 45,
      "top": false,
      "x": -39,
      "y": 12.5,
      "shootY": 36,
      "reload": 60,
      "velocityRnd": 0.06,
      "inaccuracy": 5,
      "shake": 3,
      "layerOffset": -0.003,
      "recoil": 4,
      "shoot": {
        "type": "shootPattern",
        "shots": 4,
        "shotDelay": 3
      },
      "shootSound": "shootSmite",
      "rotate": true,
      "rotateSpeed": 1,
      "rotationLimit": 20,
      "bullet": {
        "spawnBullets": [
          {
            "fragBullets": 2,
            "fragRandomSpread": 5,
            "fragBullet": {
              "type": "BulletType",
              "lifetime": 0,
              "fragBullets": 2,
              "fragRandomSpread": 15,
              "fragBullet": {
                "type": "EmpBulletType",
                "width": 9,
                "height": 13,
                "frontColor": "FFFFFF",
                "backColor": "A9D8FFFF",
                "lifetime": 55,
                "speed": 6.5,
                "damage": 90,
                "shrinkY": 0,
                "shrinkX": 0,
                "radius": 20,
                "hitPowerEffect": {
                  "type": "ParticleEffect",
                  "line": true,
                  "particles": 6,
                  "lifetime": 22,
                  "length": 80,
                  "cone": -360,
                  "lenFrom": 6,
                  "lenTo": 6,
                  "colorFrom": "FFFFFFF",
                  "colorTo": "A9D8FFFF"
                },
                "hitColor": "A9D8FFFF",
                "timeIncrease": 0.5,
                "powerDamageScl": 0.3,
                "powerSclDecrease": 0.1,
                "unitDamageScl": 0.3,
                "status": "freezing",
                "statusDuration": 100,
                "shootEffect": {
                  "type": "ParticleEffect",
                  "particles": 1,
                  "length": 0,
                  "lifetime": 30,
                  "interp": "swingIn",
                  "region": "exogenesis-spikething",
                  "offsetX": 3,
                  "sizeFrom": 13,
                  "sizeTo": 1,
                  "colorFrom": "A9D8FFFF",
                  "colorTo": "66B1FFFF"
                },
                "despawnHit": true,
                "hitEffect": {
                  "type": "MultiEffect",
                  "effects": [
                    {
                      "type": "ParticleEffect",
                      "line": true,
                      "particles": 3,
                      "lifetime": 25,
                      "length": 35,
                      "lenFrom": 6,
                      "lenTo": 6,
                      "colorFrom": "FFFFFFF",
                      "colorTo": "A9D8FFFF"
                    },
                    {
                      "type": "ParticleEffect",
                      "particles": 2,
                      "length": 20,
                      "lifetime": 30,
                      "interp": "circleOut",
                      "sizeInterp": "pow5In",
                      "colorFrom": "FFFFFFF",
                      "colorTo": "A9D8FFFF",
                      "sizeFrom": 4.5,
                      "sizeTo": 0
                    },
                    {
                      "type": "ParticleEffect",
                      "particles": 2,
                      "length": 10,
                      "lifetime": 20,
                      "interp": "circleOut",
                      "sizeInterp": "pow5In",
                      "colorFrom": "FFFFFFF",
                      "colorTo": "A9D8FFFF",
                      "sizeFrom": 3.5,
                      "sizeTo": 0
                    },
                    {
                      "type": "ParticleEffect",
                      "particles": 2,
                      "length": 20,
                      "lifetime": 15,
                      "interp": "circleOut",
                      "sizeInterp": "pow5In",
                      "colorFrom": "FFFFFFF",
                      "colorTo": "A9D8FFFF",
                      "sizeFrom": 2,
                      "sizeTo": 0
                    }
                  ]
                },
                "trailColor": "A9D8FFFF",
                "trailLength": 10,
                "trailWidth": 3
              }
            },
            "type": "BulletType",
            "lifetime": 0
          }
        ],
        "type": "EmpBulletType",
        "width": 25,
        "height": 38,
        "frontColor": "FFFFFF",
        "backColor": "A9D8FFFF",
        "lifetime": 45,
        "speed": 8,
        "damage": 500,
        "shrinkY": 0,
        "shrinkX": 0,
        "radius": 40,
        "shootEffect": {
          "type": "ParticleEffect",
          "particles": 1,
          "length": 0,
          "lifetime": 30,
          "interp": "swingIn",
          "region": "exogenesis-spikething",
          "offsetX": 3,
          "sizeFrom": 13,
          "sizeTo": 1,
          "colorFrom": "A9D8FFFF",
          "colorTo": "66B1FFFF"
        },
        "despawnHit": true,
        "hitPowerEffect": {
          "type": "ParticleEffect",
          "line": true,
          "particles": 6,
          "lifetime": 22,
          "length": 80,
          "cone": -360,
          "lenFrom": 6,
          "lenTo": 6,
          "colorFrom": "FFFFFFF",
          "colorTo": "A9D8FFFF"
        },
        "hitColor": "A9D8FFFF",
        "timeIncrease": 0.5,
        "powerDamageScl": 0.3,
        "powerSclDecrease": 0.1,
        "unitDamageScl": 0.3,
        "pierceCap": 3,
        "pierce": true,
        "pierceBuilding": true,
        "status": "freezing",
        "statusDuration": 100,
        "hitEffect": {
          "type": "multiEffect",
          "effects": [
            {
              "type": "ParticleEffect",
              "line": true,
              "particles": 8,
              "lifetime": 20,
              "offset": 60,
              "interp": "circleOut",
              "length": 55,
              "cone": -40,
              "strokeTo": 0,
              "lightColor": "A9D8FFFF",
              "strokeFrom": 2.5,
              "sizeFrom": 80,
              "sizeTo": 0,
              "colorFrom": "A9D8FFFF",
              "colorTo": "66B1FFff"
            },
            {
              "type": "ExplosionEffect",
              "waveColor": "66B1FFff",
              "sparkColor": "66B1FFff",
              "smokes": 12,
              "smokeSize": 4.7,
              "smokeSizeBase": 1.6,
              "smokeRad": 36,
              "waveLife": 10,
              "waveStroke": 4.1,
              "waveRad": 50,
              "waveRadBase": 2.0,
              "sparkLen": 7,
              "sparks": 19
            }
          ]
        },
        "trailEffect": {
          "type": "ParticleEffect",
          "particles": 13,
          "length": 2.5,
          "baseLength": 2.5,
          "lifetime": 20,
          "interp": "circleOut",
          "cone": 360,
          "offset": 5,
          "colorFrom": "A9D8FFFF",
          "colorTo": "66B1FFAA",
          "sizeFrom": 5,
          "sizeTo": 0
        },
        "trailColor": "A9D8FFFF",
        "trailParam": 6,
        "trailLength": 10,
        "trailWidth": 6,
        "trailChance": 0.3
      }
    }
  ],
  "abilities": [
    {
      "type": "StatusFieldAbility",
      "activeEffect": "none",
      "effect": "exogenesis-elders-energy",
      "range": 180,
      "reload": 1,
      "duration": 5
    },
    {
      "type": "EnergyFieldAbility",
      "healEffect": {
        "type": "ParticleEffect",
        "line": true,
        "particles": 7,
        "lifetime": 20,
        "offset": 50,
        "length": 55,
        "cone": -360,
        "lenFrom": 6,
        "lenTo": 0,
        "colorFrom": "A9D8FFFF",
        "colorTo": "66B1FFFF"
      },
      "statusDuration": 300,
      "status": "freezing",
      "color": "66B1FFFF",
      "maxTargets": 15,
      "damage": 90,
      "healPercent": 0.3,
      "range": 170,
      "y": -21,
      "sectors": 4,
      "rotateSpeed": 1.3,
      "hitBuildings": true,
      "sectorRad": 0.11,
      "effectRadius": 0,
      "reload": 52
    }
  ]
}
