{
  "type": "flying",
  "description": "Genesux often relay on arms of drones, for transport, mining, or attacking",
  "lowAltitude": false,
  "research": "mining-drone-builder",
  "defaultController": "minerAI",
  "mineItems": [
    "astrolite",
    "copper",
    "lead"
  ],
  "playerControllable": false,
  "speed": 4.0,
  "mineSpeed": 7.5,
  "rotateSpeed": 10.5,
  "mineTier": 3,
  "accel": 0.5,
  "drag": 0.5,
  "trailLength": 8,
  "mineHardnessScaling": true,
  "mineWalls": true,
  "outlineColor": "36363c",
  "engineColor": "A9D8FFFF",
  "trailColor": "A9D8FFFF",
  "flying": true,
  "health": 100,
  "hitSize": 8,
  "armor": 1,
  "itemCapacity": 8,
  "engineOffset": 6
}
