{
  "singleTarget": true,
  "lightRadius": 350,
  "type": "legs",
  "drownTimeMultiplier": 99999999999999,
  "speed": 0.38,
  "canDrown": false,
  "hitSize": 94,
  "health": 10000000,
  "armor": 144,
  "drag": 0.2,
  "outlineColor": "272930FF",
  "lightOpacity": 0,
  "range": 500,
  "maxRange": 500,
  "groundLayer": 87,
  "flying": false,
  "parts": [
    {
      "type": "shapePart",
      "y": -8,
      "hollow": true,
      "circle": true,
      "layer": 110,
      "color": "66B1FFff",
      "stroke": 9.5,
      "strokeTo": 9.5,
      "radiusTo": 23,
      "radius": 23
    },
    {
      "type": "HaloPart",
      "y": -8,
      "radius": 19,
      "tri": true,
      "layer": 110,
      "color": "66B1FFff",
      "haloRotateSpeed": 1.5,
      "haloRadius": 22,
      "haloRadiusTo": 22,
      "stroke": 20,
      "strokeTo": 2,
      "shapes": 1,
      "triLengthTo": 15,
      "triLength": 15
    },
    {
      "type": "HaloPart",
      "y": -8,
      "radius": 20,
      "tri": true,
      "layer": 110,
      "color": "66B1FFff",
      "haloRotateSpeed": -1.3,
      "haloRadius": 22,
      "haloRadiusTo": 22,
      "stroke": 0,
      "strokeTo": 2,
      "shapes": 2,
      "triLengthTo": 10,
      "triLength": 10
    },
    {
      "type": "HaloPart",
      "y": -8,
      "radius": 24,
      "tri": true,
      "layer": 110,
      "color": "66B1FFff",
      "haloRotateSpeed": -0.8,
      "haloRadius": 22,
      "haloRadiusTo": 22,
      "stroke": 0,
      "strokeTo": 1.5,
      "shapes": 1,
      "triLengthTo": 16,
      "triLength": 16
    },
    {
      "type": "HaloPart",
      "y": -8,
      "radius": 22,
      "tri": true,
      "layer": 110,
      "color": "66B1FFff",
      "haloRotateSpeed": 2.15,
      "haloRadius": 22,
      "haloRadiusTo": 22,
      "stroke": 0,
      "strokeTo": 3,
      "shapes": 1,
      "triLengthTo": 16,
      "triLength": 16
    },
    {
      "type": "HaloPart",
      "y": -8,
      "radius": 20,
      "tri": true,
      "layer": 110,
      "color": "66B1FFff",
      "haloRotateSpeed": -1.15,
      "haloRadius": 22,
      "haloRadiusTo": 22,
      "stroke": 0,
      "strokeTo": 2,
      "shapes": 3,
      "triLengthTo": 12,
      "triLength": 12
    },
    {
      "type": "shapePart",
      "y": -8,
      "circle": true,
      "layer": 115,
      "color": "000000ff",
      "radiusTo": 20,
      "radius": 20
    }
  ],
  "legContinuousMove": true,
  "targetAir": true,
  "rotateSpeed": 0.85,
  "legMaxLength": 58,
  "legExtension": -25,
  "legCount": 10,
  "legLength": 204,
  "legBaseOffset": 53,
  "legLengthScl": 1,
  "legMoveSpace": 0.5,
  "rippleScale": 10.5,
  "legSplashDamage": 886,
  "legSplashRange": 88,
  "allowLegStep": true,
  "hovering": true,
  "immunities": [
    "burning",
    "wet",
    "slow",
    "exogenesis-high-energy-blast",
    "sapped",
    "shocked",
    "freezing",
    "corroded",
    "tarred",
    "muddy",
    "spore-slowed",
    "blasted",
    "disarmed",
    "electrified",
    "melting",
    "slow"
  ],
  "weapons": [
    {
      "name": "unit",
      "reload": 330,
      "x": 83,
      "y": 0,
      "mirror": true,
      "baseRotation": 270,
      "alternate": true,
      "rotate": false,
      "shootSound": "shootBig",
      "layerOffset": -1,
      "shootCone": 180,
      "bullet": {
        "type": "basicBulletType",
        "spawnUnit": "exogenesis-heavy-gen-missile"
      }
    },
    {
      "name": "unit",
      "reload": 350,
      "x": 83,
      "y": -15,
      "mirror": true,
      "baseRotation": 270,
      "alternate": true,
      "rotate": false,
      "shootSound": "shootBig",
      "layerOffset": -1,
      "shootCone": 180,
      "bullet": {
        "type": "basicBulletType",
        "spawnUnit": "exogenesis-heavy-gen-missile"
      }
    },
    {
      "name": "unit",
      "reload": 370,
      "x": 83,
      "y": -30,
      "mirror": true,
      "baseRotation": 270,
      "alternate": true,
      "shootSound": "shootBig",
      "layerOffset": -1,
      "shootCone": 180,
      "bullet": {
        "type": "basicBulletType",
        "spawnUnit": "exogenesis-heavy-gen-missile"
      }
    },
    {
      "name": "portal-bullet",
      "shootCone": 45,
      "mirror": false,
      "reload": 150,
      "y": -58,
      "xRand": 200,
      "shoot": {
        "type": "shootPattern",
        "shots": 10,
        "shotDelay": 8
      },
      "inaccuracy": 7,
      "rotate": false,
      "shootY": 0,
      "shootSound": "malignShoot",
      "bullet": {
        "type": "BasicBulletType",
        "width": 10,
        "height": 17,
        "sprite": "exogenesis-pointy-bullet",
        "frontColor": "FFFFFF",
        "backColor": "66B1FFFF",
        "lifetime": 80,
        "damage": 200,
        "speed": 9.7,
        "shrinkY": 0,
        "shrinkX": 0,
        "shootEffect": {
          "type": "multiEffect",
          "effects": [
            {
              "type": "WaveEffect",
              "lifetime": 35,
              "sizeFrom": 0,
              "sizeTo": 23,
              "lightColor": "66B1FFFF",
              "interp": "circleOut",
              "strokeFrom": 4,
              "strokeTo": 0,
              "colorFrom": "66B1FFFF",
              "colorTo": "66B1FFFF"
            },
            {
              "type": "ParticleEffect",
              "particles": 1,
              "sizeFrom": 9,
              "sizeTo": 0,
              "length": 0,
              "layer": 114,
              "region": "exogenesis-plasma-back",
              "interp": "swing",
              "lifetime": 50,
              "colorFrom": "000000FF",
              "colorTo": "000000FF"
            },
            {
              "type": "ParticleEffect",
              "particles": 1,
              "sizeFrom": 10,
              "sizeTo": 0,
              "length": 0,
              "interp": "swing",
              "lifetime": 50,
              "colorFrom": "66B1FFFF",
              "colorTo": "66B1FFFF"
            }
          ]
        },
        "hitEffect": {
          "type": "multiEffect",
          "effects": [
            {
              "type": "ParticleEffect",
              "line": true,
              "particles": 7,
              "lifetime": 20,
              "offset": 50,
              "length": 105,
              "cone": -60,
              "lenFrom": 11,
              "lenTo": 11,
              "colorFrom": "A9D8FFFF",
              "colorTo": "66B1FFFF"
            }
          ]
        },
        "homingPower": 0.07,
        "homingRange": 100,
        "homingDelay": 10,
        "trailColor": "66B1FFFF",
        "trailParam": 6,
        "trailLength": 12,
        "trailWidth": 2.5
      }
    },
    {
      "name": "portal-bullet",
      "shootCone": 45,
      "mirror": false,
      "reload": 150,
      "y": -72,
      "xRand": 200,
      "shoot": {
        "type": "shootPattern",
        "shots": 10,
        "shotDelay": 8
      },
      "inaccuracy": 7,
      "rotate": false,
      "shootY": 0,
      "shootSound": "malignShoot",
      "bullet": {
        "type": "BasicBulletType",
        "width": 10,
        "height": 17,
        "sprite": "exogenesis-pointy-bullet",
        "frontColor": "FFFFFF",
        "backColor": "66B1FFFF",
        "lifetime": 80,
        "damage": 200,
        "speed": 9.7,
        "shrinkY": 0,
        "shrinkX": 0,
        "shootEffect": {
          "type": "multiEffect",
          "effects": [
            {
              "type": "WaveEffect",
              "lifetime": 35,
              "sizeFrom": 0,
              "sizeTo": 23,
              "lightColor": "66B1FFFF",
              "interp": "circleOut",
              "strokeFrom": 4,
              "strokeTo": 0,
              "colorFrom": "66B1FFFF",
              "colorTo": "66B1FFFF"
            },
            {
              "type": "ParticleEffect",
              "particles": 1,
              "sizeFrom": 9,
              "sizeTo": 0,
              "length": 0,
              "layer": 114,
              "region": "exogenesis-plasma-back",
              "interp": "swingIn",
              "lifetime": 50,
              "colorFrom": "000000FF",
              "colorTo": "000000FF"
            },
            {
              "type": "ParticleEffect",
              "particles": 1,
              "sizeFrom": 10,
              "sizeTo": 0,
              "length": 0,
              "interp": "swingIn",
              "lifetime": 50,
              "colorFrom": "66B1FFFF",
              "colorTo": "66B1FFFF"
            }
          ]
        },
        "hitEffect": {
          "type": "multiEffect",
          "effects": [
            {
              "type": "ParticleEffect",
              "line": true,
              "particles": 7,
              "lifetime": 20,
              "offset": 50,
              "length": 105,
              "cone": -60,
              "lenFrom": 11,
              "lenTo": 11,
              "colorFrom": "A9D8FFFF",
              "colorTo": "66B1FFFF"
            }
          ]
        },
        "homingPower": 0.07,
        "homingRange": 100,
        "homingDelay": 10,
        "trailColor": "66B1FFFF",
        "trailParam": 6,
        "trailLength": 12,
        "trailWidth": 2.5
      }
    },
    {
      "name": "sagittarius-energy-gunner",
      "reload": 30,
      "x": 45,
      "y": 25,
      "mirror": true,
      "alternate": true,
      "shootY": 8,
      "shoot": {
        "type": "ShootHelix",
        "scl": 3,
        "mag": 2,
        "shots": 2
      },
      "recoil": 2,
      "shake": 2,
      "rotate": true,
      "shootSound": "blaster",
      "shootCone": 45,
      "bullet": {
        "type": "EmpBulletType",
        "width": 7,
        "height": 7,
        "sprite": "circle-bullet",
        "frontColor": "FFFFFF",
        "backColor": "66B1FFFF",
        "lifetime": 60,
        "speed": 7,
        "damage": 600,
        "shrinkY": 0,
        "shrinkX": 0,
        "radius": 70,
        "hitPowerEffect": {
          "type": "ParticleEffect",
          "line": true,
          "particles": 6,
          "lifetime": 22,
          "length": 80,
          "cone": -360,
          "lenFrom": 8,
          "lenTo": 8,
          "colorFrom": "FFFFFFF",
          "colorTo": "A9D8FFFF"
        },
        "hitColor": "A9D8FFFF",
        "timeIncrease": 1,
        "powerDamageScl": 0.4,
        "powerSclDecrease": 0.1,
        "unitDamageScl": 0.5,
        "status": "blasted",
        "statusDuration": 100,
        "shootEffect": {
          "type": "ParticleEffect",
          "particles": 1,
          "length": 0,
          "lifetime": 30,
          "interp": "swingIn",
          "region": "exogenesis-spikething",
          "offsetX": 3,
          "sizeFrom": 13,
          "sizeTo": 1,
          "colorFrom": "A9D8FFFF",
          "colorTo": "66B1FFFF"
        },
        "despawnHit": true,
        "hitEffect": {
          "type": "multiEffect",
          "effects": [
            {
              "type": "ParticleEffect",
              "line": true,
              "particles": 7,
              "lifetime": 20,
              "offset": 50,
              "length": 65,
              "cone": -360,
              "lenFrom": 6,
              "lenTo": 0,
              "colorFrom": "A9D8FFFF",
              "colorTo": "66B1FFFF"
            },
            {
              "type": "ParticleEffect",
              "particles": 1,
              "sizeFrom": 25,
              "sizeTo": 0,
              "length": 0,
              "lightColor": "73FFAEFF",
              "lifetime": 30,
              "layer": 109,
              "region": "exogenesis-star",
              "colorFrom": "A9D8FFFF",
              "colorTo": "66B1FFFF"
            },
            {
              "type": "ParticleEffect",
              "particles": 1,
              "sizeFrom": 10,
              "sizeTo": 0,
              "length": 0,
              "lightColor": "73FFAEFF",
              "lifetime": 30,
              "layer": 109,
              "region": "exogenesis-star",
              "colorFrom": "FFFFFFF",
              "colorTo": "FFFFFFF"
            }
          ]
        },
        "trailColor": "66B1FFFF",
        "trailParam": 6,
        "trailLength": 12,
        "trailWidth": 3
      }
    },
    {
      "name": "sagittarius-energy-gunner",
      "reload": 20,
      "x": 76,
      "y": -8,
      "mirror": true,
      "alternate": true,
      "shootY": 8,
      "shoot": {
        "type": "ShootHelix",
        "scl": 3,
        "mag": 2,
        "shots": 2
      },
      "recoil": 2,
      "shake": 2,
      "rotate": true,
      "shootSound": "blaster",
      "shootCone": 45,
      "bullet": {
        "type": "EmpBulletType",
        "width": 7,
        "height": 7,
        "sprite": "circle-bullet",
        "frontColor": "FFFFFF",
        "backColor": "66B1FFFF",
        "lifetime": 60,
        "speed": 7,
        "damage": 600,
        "shrinkY": 0,
        "shrinkX": 0,
        "radius": 70,
        "hitPowerEffect": {
          "type": "ParticleEffect",
          "line": true,
          "particles": 6,
          "lifetime": 22,
          "length": 80,
          "cone": -360,
          "lenFrom": 8,
          "lenTo": 8,
          "colorFrom": "FFFFFFF",
          "colorTo": "A9D8FFFF"
        },
        "hitColor": "A9D8FFFF",
        "timeIncrease": 1,
        "powerDamageScl": 0.4,
        "powerSclDecrease": 0.1,
        "unitDamageScl": 0.5,
        "status": "blasted",
        "statusDuration": 100,
        "shootEffect": {
          "type": "ParticleEffect",
          "particles": 1,
          "length": 0,
          "lifetime": 30,
          "interp": "swingIn",
          "region": "exogenesis-spikething",
          "offsetX": 3,
          "sizeFrom": 13,
          "sizeTo": 1,
          "colorFrom": "A9D8FFFF",
          "colorTo": "66B1FFFF"
        },
        "despawnHit": true,
        "hitEffect": {
          "type": "multiEffect",
          "effects": [
            {
              "type": "ParticleEffect",
              "line": true,
              "particles": 7,
              "lifetime": 20,
              "offset": 50,
              "length": 65,
              "cone": -360,
              "lenFrom": 6,
              "lenTo": 0,
              "colorFrom": "A9D8FFFF",
              "colorTo": "66B1FFFF"
            },
            {
              "type": "ParticleEffect",
              "particles": 1,
              "sizeFrom": 25,
              "sizeTo": 0,
              "length": 0,
              "lightColor": "73FFAEFF",
              "lifetime": 30,
              "layer": 109,
              "region": "exogenesis-star",
              "colorFrom": "A9D8FFFF",
              "colorTo": "66B1FFFF"
            },
            {
              "type": "ParticleEffect",
              "particles": 1,
              "sizeFrom": 10,
              "sizeTo": 0,
              "length": 0,
              "lightColor": "73FFAEFF",
              "lifetime": 30,
              "layer": 109,
              "region": "exogenesis-star",
              "colorFrom": "FFFFFFF",
              "colorTo": "FFFFFFF"
            }
          ]
        },
        "trailColor": "66B1FFFF",
        "trailParam": 6,
        "trailLength": 12,
        "trailWidth": 3
      }
    },
    {
      "name": "star-collider-turret",
      "shootCone": 45,
      "mirror": true,
      "reload": 130,
      "alternate": true,
      "x": 56,
      "y": 12,
      "rotate": true,
      "shootY": 0,
      "parts": [
        {
          "type": "FlarePart",
          "progress": "reload",
          "rotation": 86,
          "color1": "66B1FFFF",
          "stroke": 3,
          "radius": 25,
          "radiusTo": 2
        }
      ],
      "rotateSpeed": 1.6,
      "shootSound": "malignShoot",
      "bullet": {
        "type": "ArtilleryBulletType",
        "parts": [
          {
            "type": "FlarePart",
            "progress": "life",
            "rotation": 86,
            "color1": "66B1FFFF",
            "stroke": 6.5,
            "radius": 70,
            "radiusTo": 20
          }
        ],
        "width": 7,
        "height": 7,
        "sprite": "circle-bullet",
        "frontColor": "FFFFFF",
        "backColor": "66B1FFFF",
        "lifetime": 110,
        "speed": 5.7,
        "collides": false,
        "scaledSplashDamage": true,
        "splashDamage": 800,
        "splashDamageRadius": 60,
        "shrinkY": 0,
        "shrinkX": 0,
        "status": "blasted",
        "statusDuration": 100,
        "hitEffect": {
          "type": "multiEffect",
          "effects": [
            {
              "type": "ParticleEffect",
              "line": true,
              "particles": 17,
              "lifetime": 20,
              "offset": 50,
              "length": 105,
              "cone": -360,
              "lenFrom": 11,
              "lenTo": 11,
              "colorFrom": "A9D8FFFF",
              "colorTo": "66B1FFFF"
            },
            {
              "type": "WaveEffect",
              "lifetime": 35,
              "sizeFrom": 0,
              "sizeTo": 60,
              "lightColor": "66B1FFFF",
              "interp": "circleOut",
              "strokeFrom": 6,
              "strokeTo": 0,
              "colorFrom": "66B1FFFF",
              "colorTo": "66B1FFFF"
            },
            {
              "type": "WaveEffect",
              "lifetime": 35,
              "sizeFrom": 0,
              "sizeTo": 40,
              "lightColor": "66B1FFFF",
              "interp": "circleOut",
              "strokeFrom": 4,
              "strokeTo": 0,
              "colorFrom": "66B1FFFF",
              "colorTo": "66B1FFFF"
            }
          ]
        },
        "trailColor": "66B1FFFF",
        "trailParam": 6,
        "trailLength": 12,
        "trailWidth": 3
      }
    },
    {
      "name": "star-collider-turret",
      "shootCone": 45,
      "mirror": true,
      "reload": 100,
      "alternate": true,
      "x": 54,
      "y": -38,
      "rotate": true,
      "shootY": 0,
      "parts": [
        {
          "type": "FlarePart",
          "progress": "reload",
          "rotation": 86,
          "color1": "66B1FFFF",
          "stroke": 3,
          "radius": 25,
          "radiusTo": 2
        }
      ],
      "rotateSpeed": 1.6,
      "shootSound": "malignShoot",
      "bullet": {
        "type": "ArtilleryBulletType",
        "parts": [
          {
            "type": "FlarePart",
            "progress": "life",
            "rotation": 86,
            "color1": "66B1FFFF",
            "stroke": 6.5,
            "radius": 70,
            "radiusTo": 20
          }
        ],
        "width": 7,
        "height": 7,
        "sprite": "circle-bullet",
        "frontColor": "FFFFFF",
        "backColor": "66B1FFFF",
        "lifetime": 110,
        "speed": 5.7,
        "collides": false,
        "scaledSplashDamage": true,
        "splashDamage": 800,
        "splashDamageRadius": 60,
        "shrinkY": 0,
        "shrinkX": 0,
        "status": "blasted",
        "statusDuration": 100,
        "hitEffect": {
          "type": "multiEffect",
          "effects": [
            {
              "type": "ParticleEffect",
              "line": true,
              "particles": 17,
              "lifetime": 20,
              "offset": 50,
              "length": 105,
              "cone": -360,
              "lenFrom": 11,
              "lenTo": 11,
              "colorFrom": "A9D8FFFF",
              "colorTo": "66B1FFFF"
            },
            {
              "type": "WaveEffect",
              "lifetime": 35,
              "sizeFrom": 0,
              "sizeTo": 60,
              "lightColor": "66B1FFFF",
              "interp": "circleOut",
              "strokeFrom": 6,
              "strokeTo": 0,
              "colorFrom": "66B1FFFF",
              "colorTo": "66B1FFFF"
            },
            {
              "type": "WaveEffect",
              "lifetime": 35,
              "sizeFrom": 0,
              "sizeTo": 40,
              "lightColor": "66B1FFFF",
              "interp": "circleOut",
              "strokeFrom": 4,
              "strokeTo": 0,
              "colorFrom": "66B1FFFF",
              "colorTo": "66B1FFFF"
            }
          ]
        },
        "trailColor": "66B1FFFF",
        "trailParam": 6,
        "trailLength": 12,
        "trailWidth": 3
      }
    },
    {
      "name": "b",
      "x": 0,
      "y": 2,
      "shootY": 100,
      "ejectEffect": "none",
      "mirror": false,
      "shootStatus": "unmoving",
      "shootStatusDuration": 160,
      "reload": 1225,
      "recoil": 0,
      "shoot": {
        "firstShotDelay": 140
      },
      "parts": [
        {
          "type": "shapePart",
          "progress": {
            "type": "charge",
            "op": "blend",
            "other": "heat",
            "amount": 0.2
          },
          "y": 100,
          "circle": true,
          "layer": 114,
          "color": "000000ff",
          "radiusTo": 34,
          "radius": 2
        },
        {
          "type": "shapePart",
          "progress": {
            "type": "charge",
            "op": "blend",
            "other": "heat",
            "amount": 0.2
          },
          "y": 100,
          "circle": true,
          "layer": 110,
          "color": "66B1FFFF",
          "radiusTo": 44,
          "radius": 4
        },
        {
          "type": "FlarePart",
          "progress": {
            "type": "charge",
            "op": "blend",
            "other": "heat",
            "amount": 0.2
          },
          "sides": 2,
          "y": 100,
          "rotation": 86,
          "color1": "66B1FFFF",
          "stroke": 8.5,
          "radius": 0,
          "radiusTo": 180
        },
        {
          "type": "RegionPart",
          "suffix": "-mandible",
          "moveRot": -19,
          "progress": {
            "type": "charge",
            "op": "blend",
            "other": "heat",
            "amount": 0.5
          },
          "children": [
            {
              "type": "RegionPart",
              "suffix": "-mandible-glow",
              "blending": "additive",
              "color": "A9D8FF20",
              "colorTo": "A9D8FFFF",
              "progress": {
                "type": "charge",
                "op": "blend",
                "other": "heat",
                "amount": 0.2
              },
              "outline": false,
              "mirror": true
            },
            {
              "type": "RegionPart",
              "suffix": "-mandible-glow",
              "blending": "additive",
              "color": "A9D8FF20",
              "colorTo": "A9D8FFff",
              "progress": {
                "type": "charge",
                "op": "blend",
                "other": "heat",
                "amount": 0.2
              },
              "outline": false,
              "mirror": true
            }
          ],
          "mirror": true
        }
      ],
      "soundPitchMin": 1,
      "soundPitchMax": 1,
      "chargeSound": "lasercharge",
      "shootSound": "hugeShoot",
      "bullet": {
        "type": "BasicBulletType",
        "lightRadius": 80,
        "speed": 5,
        "spin": -11,
        "statusDuration": 200,
        "parts": [
          {
            "type": "shapePart",
            "circle": true,
            "layer": 114,
            "color": "000000ff",
            "radiusTo": 44,
            "radius": 14
          },
          {
            "type": "shapePart",
            "circle": true,
            "layer": 110,
            "color": "66B1FFFF",
            "radiusTo": 63,
            "radius": 23
          }
        ],
        "chargeEffect": {
          "lifetime": 140,
          "type": "multiEffect",
          "effects": [
            {
              "type": "WaveEffect",
              "lifetime": 138,
              "sizeFrom": 320,
              "sizeTo": 0,
              "interp": "pow3In",
              "strokeFrom": 0,
              "strokeTo": 15,
              "colorFrom": "66B1FFFF",
              "colorTo": "66B1FFFF"
            },
            {
              "type": "WaveEffect",
              "lifetime": 120,
              "sizeFrom": 250,
              "sizeTo": 0,
              "interp": "pow3In",
              "strokeFrom": 0,
              "strokeTo": 10,
              "colorFrom": "66B1FFFF",
              "colorTo": "66B1FFFF"
            },
            {
              "type": "WaveEffect",
              "lifetime": 90,
              "sizeFrom": 110,
              "sizeTo": 0,
              "interp": "pow3In",
              "strokeFrom": 0,
              "strokeTo": 7,
              "colorFrom": "66B1FFFF",
              "colorTo": "66B1FFFF"
            }
          ]
        },
        "lifetime": 110,
        "damage": 80000,
        "shrinkX": 0,
        "shrinkY": 0,
        "splashDamage": 6750,
        "splashDamageRadius": 120,
        "width": 1,
        "height": 1,
        "trailColor": "66B1FFFF",
        "trailLength": 30,
        "trailInterval": 12,
        "trailWidth": 8,
        "trailParam": 9,
        "trailEffect": "none",
        "lightColor": "66B1FFFF",
        "hitSound": "coolplasmaboom",
        "frontColor": "E1F2FFFF",
        "backColor": "66B1FFFF",
        "hittable": false,
        "reflectable": false,
        "absorbable": false,
        "fragBullets": 1,
        "fragLifeMin": 1,
        "fragBullet": {
          "type": "basicBulletType",
          "parts": [
            {
              "type": "FlarePart",
              "rotation": 86,
              "rotMove": 5,
              "layer": 109,
              "color1": "66B1FFFF",
              "color2": "66B1FFFF",
              "stroke": 10.5,
              "strokeTo": 3.5,
              "radius": 60,
              "radiusTo": 190
            }
          ],
          "despawnShake": 20,
          "despawnEffect": {
            "type": "multiEffect",
            "effects": [
              {
                "type": "ParticleEffect",
                "line": true,
                "particles": 15,
                "lifetime": 55,
                "offset": 50,
                "length": 540,
                "cone": 360,
                "baseLength": 250,
                "interp": "circleOut",
                "sizeInterp": "pow5Out",
                "strokeFrom": 1.6,
                "strokeTo": 0,
                "lenFrom": 24,
                "lenTo": 24,
                "colorFrom": "A9D8FFFF",
                "colorTo": "66B1FFFF"
              },
              {
                "type": "ParticleEffect",
                "line": true,
                "particles": 25,
                "lifetime": 65,
                "offset": 50,
                "length": 500,
                "baseLength": 250,
                "cone": 360,
                "interp": "circleOut",
                "sizeInterp": "pow5Out",
                "strokeFrom": 1.6,
                "strokeTo": 0,
                "lenFrom": 17,
                "lenTo": 17,
                "colorFrom": "A9D8FFFF",
                "colorTo": "66B1FFFF"
              },
              {
                "type": "ParticleEffect",
                "particles": 30,
                "sizeFrom": 43,
                "sizeTo": 1,
                "length": 280,
                "lifetime": 285,
                "lightOpacity": 0,
                "interp": "circleOut",
                "sizeInterp": "pow5In",
                "colorFrom": "66B1FFAa",
                "colorTo": "66B1FFAA",
                "cone": 360
              },
              {
                "type": "ParticleEffect",
                "particles": 30,
                "sizeFrom": 43,
                "sizeTo": 1,
                "length": 290,
                "lifetime": 275,
                "lightOpacity": 0,
                "interp": "circleOut",
                "sizeInterp": "pow5In",
                "colorFrom": "66B1FFAa",
                "colorTo": "66B1FFAA",
                "cone": 360
              },
              {
                "type": "ParticleEffect",
                "particles": 30,
                "sizeFrom": 59,
                "sizeTo": 1,
                "length": 290,
                "lifetime": 275,
                "interp": "circleOut",
                "sizeInterp": "pow5In",
                "lightColor": "A9D8FFFF",
                "colorFrom": "A9D8FFFF",
                "colorTo": "66B1FFFF",
                "cone": 360
              },
              {
                "type": "ParticleEffect",
                "particles": 30,
                "sizeFrom": 59,
                "sizeTo": 1,
                "length": 270,
                "lifetime": 265,
                "interp": "circleOut",
                "sizeInterp": "pow5In",
                "lightColor": "A9D8FFFF",
                "colorFrom": "A9D8FFFF",
                "colorTo": "66B1FFFF",
                "cone": 360
              },
              {
                "type": "ParticleEffect",
                "particles": 35,
                "offset": 50,
                "sizeFrom": 27,
                "sizeTo": 1,
                "length": 300,
                "lifetime": 275,
                "interp": "circleOut",
                "sizeInterp": "pow5In",
                "lightColor": "A9D8FFFF",
                "colorFrom": "66B1FFFF",
                "colorTo": "66B1FFFF",
                "cone": 360
              },
              {
                "type": "ParticleEffect",
                "particles": 45,
                "offset": 50,
                "sizeFrom": 19,
                "sizeTo": 1,
                "length": 320,
                "lifetime": 275,
                "interp": "circleOut",
                "sizeInterp": "pow5In",
                "lightColor": "A9D8FFFF",
                "colorFrom": "66B1FFFF",
                "colorTo": "66B1FFFF",
                "cone": 360
              },
              {
                "type": "WaveEffect",
                "lifetime": 245,
                "sizeFrom": 0,
                "sizeTo": 350,
                "lightColor": "66B1FFFF",
                "interp": "circleOut",
                "strokeFrom": 19,
                "strokeTo": 0,
                "colorFrom": "66B1FFFF",
                "colorTo": "66B1FFFF"
              },
              {
                "type": "WaveEffect",
                "lifetime": 55,
                "sizeFrom": 0,
                "sizeTo": 450,
                "lightColor": "66B1FFFFF",
                "interp": "circleOut",
                "strokeFrom": 25,
                "strokeTo": 0,
                "colorFrom": "66B1FFFF",
                "colorTo": "66B1FFaa"
              },
              {
                "type": "WaveEffect",
                "lifetime": 45,
                "sizeFrom": 0,
                "sizeTo": 550,
                "lightColor": "66B1FFFF",
                "interp": "circleOut",
                "strokeFrom": 19,
                "strokeTo": 0,
                "colorFrom": "66B1FFFF",
                "colorTo": "66B1FFFF"
              },
              {
                "type": "WaveEffect",
                "lifetime": 45,
                "sizeFrom": 0,
                "sizeTo": 650,
                "lightColor": "66B1FFFF",
                "interp": "circleOut",
                "strokeFrom": 11,
                "strokeTo": 0,
                "colorFrom": "66B1FFFF",
                "colorTo": "66B1FFFF"
              }
            ]
          },
          "lifetime": 350,
          "speed": 0
        },
        "hitEffect": {
          "type": "multiEffect",
          "layer": "110.002",
          "effects": [
            {
              "type": "ParticleEffect",
              "lightOpacity": 0,
              "particles": 80,
              "length": 230,
              "baseLength": 30,
              "lifetime": 400,
              "layer": 106,
              "interp": "swing",
              "sizeFrom": 24,
              "sizeTo": 13,
              "colorFrom": "66B1FFFF",
              "colorTo": "66B1FF10"
            },
            {
              "type": "ParticleEffect",
              "particles": 1,
              "length": 0,
              "lifetime": 350,
              "clip": 8192,
              "spin": -2,
              "region": "exogenesis-blackhole-disk-last",
              "interp": "swingIn",
              "sizeFrom": 215,
              "sizeTo": 0,
              "colorFrom": "66B1FFFF",
              "colorTo": "66B1FF10"
            },
            {
              "type": "ParticleEffect",
              "particles": 1,
              "length": 0,
              "lifetime": 350,
              "clip": 8192,
              "spin": -3.3,
              "region": "exogenesis-blackhole-disk-last",
              "interp": "swingIn",
              "sizeFrom": 175,
              "sizeTo": 0,
              "colorFrom": "66B1FFFF",
              "colorTo": "66B1FF10"
            },
            {
              "type": "ParticleEffect",
              "particles": 1,
              "length": 0,
              "lifetime": 340,
              "clip": 8192,
              "spin": -5,
              "region": "exogenesis-blackhole-disk-secondary",
              "interp": "swingIn",
              "sizeFrom": 165,
              "sizeTo": 0,
              "colorFrom": "66B1FFFF",
              "colorTo": "66B1FF10"
            },
            {
              "type": "ParticleEffect",
              "particles": 1,
              "length": 0,
              "lifetime": 340,
              "clip": 8192,
              "spin": -8,
              "region": "exogenesis-blackhole-disk-main",
              "interp": "swingIn",
              "sizeFrom": 150,
              "sizeTo": 0,
              "colorFrom": "6A97D9FF",
              "colorTo": "6A97D910"
            },
            {
              "type": "ParticleEffect",
              "particles": 60,
              "length": 220,
              "lifetime": 360,
              "interp": "pow10Out",
              "layer": 108,
              "cone": 360,
              "colorFrom": "66B1FFFF",
              "colorTo": "66B1FF10",
              "sizeFrom": 7,
              "sizeTo": 0
            },
            {
              "type": "ParticleEffect",
              "lightOpacity": 0,
              "particles": 60,
              "length": 200,
              "baseLength": 20,
              "lifetime": 100,
              "layer": 106,
              "sizeFrom": 36,
              "sizeTo": 10,
              "colorFrom": "66B1FFFF",
              "colorTo": "A9D8FF10"
            },
            {
              "type": "ParticleEffect",
              "particles": 40,
              "length": 300,
              "lifetime": 50,
              "cone": 360,
              "colorFrom": "A9D8FFFF",
              "colorTo": "66B1FF10",
              "sizeFrom": 14,
              "sizeTo": 5
            },
            {
              "type": "ParticleEffect",
              "particles": 40,
              "length": 180,
              "lifetime": 100,
              "cone": 360,
              "colorFrom": "A9D8FFFF",
              "colorTo": "66B1FFFF",
              "sizeFrom": 7,
              "sizeTo": 1
            },
            {
              "type": "ParticleEffect",
              "particles": 1,
              "sizeFrom": 110,
              "sizeTo": 20,
              "length": 0,
              "layer": 114,
              "clip": 8192,
              "region": "exogenesis-plasma-back",
              "interp": "swingIn",
              "lifetime": 350,
              "colorFrom": "000000FF",
              "colorTo": "000000FF"
            },
            {
              "type": "ParticleEffect",
              "particles": 1,
              "sizeFrom": 100,
              "sizeTo": 10,
              "length": 0,
              "interp": "swingIn",
              "lifetime": 350,
              "clip": 8192,
              "colorFrom": "66B1FFFF",
              "colorTo": "66B1FFFF"
            }
          ]
        },
        "lightning": 1,
        "lightningLength": 2,
        "lightningType": {
          "type": "BulletType",
          "collides": false,
          "hittable": false,
          "absorbable": false,
          "speed": 0,
          "lifetime": 5,
          "hitEffect": "none",
          "fragBullets": 170,
          "fragLifeMin": 0.02,
          "fragBullet": {
            "type": "BulletType",
            "speed": 0,
            "damage": 0,
            "lifetime": 120,
            "collides": false,
            "absorbable": false,
            "hittable": false,
            "lightning": 1,
            "lightningDamage": 400,
            "lightningLength": 15,
            "lightningLengthRand": 46,
            "lightningColor": "66B1FFFF",
            "status": "exogenesis-high-energy-blast",
            "statusDuration": 200,
            "splashDamage": 60,
            "splashDamageRadius": 250,
            "lightRadius": 0,
            "hitEffect": "none",
            "keepVelocity": false,
            "despawnEffect": {
              "type": "multiEffect",
              "layer": "110.001",
              "effects": [
                {
                  "type": "ParticleEffect",
                  "line": true,
                  "particles": 1,
                  "lifetime": 80,
                  "offset": 50,
                  "length": 540,
                  "baseLength": -440,
                  "cone": 360,
                  "interp": "pow3In",
                  "sizeInterp": "pow5Out",
                  "strokeFrom": 0,
                  "strokeTo": 1.5,
                  "lenFrom": 0,
                  "lenTo": 14,
                  "colorFrom": "A9D8FFFF",
                  "colorTo": "66B1FFFF"
                },
                {
                  "type": "ParticleEffect",
                  "line": true,
                  "particles": 2,
                  "lifetime": 65,
                  "offset": 50,
                  "length": 500,
                  "baseLength": -400,
                  "cone": 360,
                  "interp": "pow3In",
                  "sizeInterp": "pow5Out",
                  "strokeFrom": 0,
                  "strokeTo": 1.5,
                  "lenFrom": 0,
                  "lenTo": 9,
                  "colorFrom": "A9D8FFFF",
                  "colorTo": "66B1FFFF"
                }
              ]
            },
            "fragBullets": 1,
            "fragLifeMin": 0.1,
            "fragBullet": {
              "type": "basicBulletType",
              "parts": [
                {
                  "type": "FlarePart",
                  "progress": "life",
                  "rotation": 86,
                  "color1": "66B1FFFF",
                  "stroke": 4.5,
                  "radius": 10,
                  "radiusTo": 40
                }
              ],
              "hitEffect": {
                "type": "ParticleEffect",
                "line": true,
                "particles": 8,
                "lifetime": 26,
                "length": 35,
                "cone": -40,
                "lenFrom": 6,
                "lenTo": 6,
                "colorFrom": "A9D8FFFF",
                "colorTo": "66B1FFFF"
              },
              "despawnEffect": {
                "type": "ParticleEffect",
                "particles": 1,
                "lifetime": 40,
                "length": 0,
                "interp": "swingIn",
                "spin": 7,
                "region": "exogenesis-energy-partical-back",
                "sizeFrom": 20,
                "sizeTo": 0,
                "colorFrom": "A9D8FFFF",
                "colorTo": "66B1FFFF"
              },
              "homingPower": 0.09,
              "homingRange": 100,
              "homingDelay": 8,
              "shrinkX": 0,
              "shrinkY": 0,
              "weaveScale": 2,
              "weaveMag": 5,
              "trailColor": "66B1FFff",
              "trailLength": 8,
              "trailWidth": 2,
              "lifetime": 100,
              "damage": 800,
              "statusDuration": 90,
              "status": "freezing",
              "speed": 8,
              "width": 1,
              "height": 1,
              "backColor": "66B1FFff",
              "frontColor": "FFFFFFF"
            }
          }
        }
      }
    }
  ],
  "abilities": [
    {
      "type": "SuppressionFieldAbility",
      "color": "66B1FFFF",
      "particleColor": "66B1FFFF",
      "range": 800,
      "y": -8,
      "particleSize": 0,
      "rotateSpeed": 3,
      "orbRadius": 0.01,
      "reload": 12
    }
  ]
}







