{
  "type": "hover",
  "speed": 2.8,
  "outlineColor": "414452FF",
  "hitSize": 14,
  "health": 1160,
  "mineSpeed": 9,
  "buildSpeed": 5.6,
  "mineTier": 4,
  "itemCapacity": 70,
  "armor": 5,
  "faceTarget": true,
  "rotateSpeed": 3,
  "engineSize": 4,
  "engineOffset": 8,
  "hovering": true,
  "shadowElevation": 0.1,
  "canBoost": true,
  "useEngineElevation": false,
  "trailColor": "66B1FFFF",
  "trailLength": 6,
  "engineColor": "66B1FFFF",
  "parts": [
    {
      "type": "RegionPart",
      "suffix": "-glow",
      "layer": -1,
      "mirror": true,
      "blending": "additive",
      "color": "4583FF60",
      "colorTo": "4583FF60",
      "outline": false,
      "progress": "warmup"
    },
    {
      "type": "FlarePart",
      "color2": "FFFFFF",
      "color1": "A9D8FFFF",
      "y": 0,
      "followRotation": true,
      "stroke": 3,
      "radius": 12
    },
    {
      "type": "hoverPart",
      "color": "66B1FFFF",
      "layerOffset": -1,
      "x": 8,
      "phase": 90,
      "stroke": 2,
      "radius": 9,
      "mirror": true,
      "y": -8
    },
    {
      "type": "hoverPart",
      "color": "66B1FFFF",
      "layerOffset": -1,
      "x": 8,
      "phase": 90,
      "stroke": 2,
      "radius": 9,
      "mirror": true,
      "y": 8
    }
  ],
  "immunities": [
    "neutron-overcharge",
    "overclock",
    "freezing"
  ],
  "weapons": [
    {
      "name": "cold-plasma-shotgun",
      "x": 11,
      "y": 0,
      "reload": 60,
      "top": true,
      "rotate": true,
      "shootY": 6,
      "rotateSpeed": 4,
      "recoil": 2,
      "inaccuracy": 10,
      "shoot": {
        "type": "shootPattern",
        "shots": 4,
        "shotDelay": 3
      },
      "shootSound": "shoot",
      "bullet": {
        "type": "basicBulletType",
        "hitEffect": {
          "type": "ParticleEffect",
          "line": true,
          "particles": 6,
          "lifetime": 26,
          "length": 35,
          "cone": -40,
          "lenFrom": 6,
          "lenTo": 6,
          "colorFrom": "A9D8FFFF",
          "colorTo": "66B1FFFF"
        },
        "despawnEffect": {
          "type": "ParticleEffect",
          "line": true,
          "particles": 6,
          "lifetime": 26,
          "length": 35,
          "cone": -360,
          "lenFrom": 5,
          "lenTo": 5,
          "colorFrom": "A9D8FFFF",
          "colorTo": "66B1FFFF"
        },
        "shootEffect": {
          "type": "ParticleEffect",
          "particles": 1,
          "length": 0,
          "lifetime": 25,
          "interp": "swingIn",
          "region": "exogenesis-spikething",
          "offsetX": 3,
          "sizeFrom": 10,
          "sizeTo": 1,
          "colorFrom": "A9D8FFFF",
          "colorTo": "66B1FFFF"
        },
        "homingPower": 0.07,
        "homingRange": 60,
        "homingDelay": 8,
        "trailColor": "66B1FFFF",
        "trailLength": 8,
        "trailWidth": 2,
        "buildingDamageMultiplier": 0.80,
        "lifetime": 30,
        "damage": 15,
        "statusDuration": 90,
        "status": "freezing",
        "speed": 6,
        "width": 9,
        "height": 10,
        "backColor": "66B1FFFF",
        "frontColor": "A9D8FFFF"
      }
    }
  ],
  "abilities": [
    {
      "type": "mindustry.entities.abilities.StatusFieldAbility",
      "effect": "overclock",
      "parentizeEffects": true,
      "effectY": 18,
      "activeEffect": "none",
      "range": 100,
      "reload": 5,
      "duration": 5
    },
    {
      "type": "mindustry.entities.abilities.ForceFieldAbility",
      "radius": 35,
      "regen": 3,
      "max": 450,
      "cooldown": 60
    }
  ]
}
