{
  "research": {
    "parent": "mariana",
    "requirements": [
      "graphite/1220",
      "surge-alloy/1200",
      "plastanium/940",
      "phase-fabric/1000",
      "voltirium-alloy/1000",
      "copper/1540",
      "lead/1540",
      "silicon/1800"
    ]
  },
  "type": "naval",
  "armor": 37,
  "drag": 0.18,
  "canBoost": true,
  "boostMultiplier": 1.0,
  "engineOffset": 51,
  "engineSize": 9,
  "lowAltitude": true,
  "targetAir": true,
  "range": 300,
  "hitSize": 77,
  "health": 137200,
  "speed": 0.50,
  "accel": 0.18,
  "rotateSpeed": 0.8,
  "trailX": 28,
  "trailY": -37,
  "trailScl": 5.6,
  "trailLength": 85,
  "rotateShooting": false,
  "weapons": [
    {
      "name": "magnapinna-weapon",
      "y": 0,
      "x": 29,
      "top": true,
      "mirror": true,
      "alternate": false,
      "shots": 1,
      "rotate": true,
      "rotateSpeed": 2,
      "shootY": 1,
      "inaccuracy": 10,
      "reload": 237,
      "recoil": 3,
      "shake": 1,
      "shootCone": 20,
      "shootSound": "beam",
      "continuous": true,
      "cooldownTime": 190,
      "bullet": {
        "type": "ContinuousLaserBulletType",
        "damage": 125,
        "length": 200,
        "width": 6.5,
        "collidesTeam": true,
        "healPercent": 0.7,
        "hitEffect": "hitMeltHeal",
        "drawSize": 300,
        "lifetime": 480,
        "shake": 1,
        "status": "electrified",
        "statusDuration": 80,
        "despawnEffect": "smokeCloud",
        "smokeEffect": "smokeCloud",
        "colors": [
          "98ffa9AA",
          "98ffa9DA",
          "98ffa9",
          "FFFFFFF"
        ],
        "shootEffect": "hitEmpSpark"
      }
    },
    {
      "name": "emp-emitter",
      "y": -15,
      "x": 0,
      "top": true,
      "shootY": 0,
      "rotate": false,
      "flipSprite": true,
      "reload": 367,
      "recoil": 0,
      "shoot": {
        "firstShotDelay": 80
      },
      "shootStatusDuration": "100",
      "shootStatus": "unmoving",
      "ignoreRotation": true,
      "ejectEffect": "none",
      "shootSound": "laserblast",
      "bullet": {
        "type": "EmpBulletType",
        "shootEffect": "greenLaserCharge",
        "chargeSound": "lasercharge",
        "despawnEffect": {
          "type": "multiEffect",
          "effects": [
            {
              "type": "ParticleEffect",
              "particles": 1,
              "sizeFrom": 25,
              "sizeTo": 0,
              "length": 0,
              "lifetime": 45,
              "colorFrom": "FFFFFFF",
              "colorTo": "FFFFFFF",
              "cone": 360
            },
            {
              "type": "ParticleEffect",
              "particles": 1,
              "sizeFrom": 25,
              "sizeTo": 0,
              "length": 0,
              "lifetime": 45,
              "colorFrom": "98ffa9",
              "colorTo": "98ffa9",
              "cone": 360
            },
            {
              "type": "ParticleEffect",
              "particles": 1,
              "sizeFrom": 67,
              "sizeTo": 27,
              "length": 0,
              "spin": 6,
              "lifetime": 70,
              "region": "exogenesis-emitter-effect",
              "colorFrom": "98ffa9",
              "colorTo": "98ffAA"
            },
            {
              "type": "WaveEffect",
              "lifetime": 20,
              "sizeFrom": 0,
              "sizeTo": 60,
              "strokeFrom": 6,
              "strokeTo": 0,
              "colorFrom": "69CB87FF",
              "colorTo": "98ffa9"
            },
            {
              "type": "WaveEffect",
              "lifetime": 50,
              "sizeFrom": 330,
              "sizeTo": 330,
              "strokeFrom": 7,
              "strokeTo": 0,
              "colorFrom": "98ffa9",
              "colorTo": "98ffa9"
            }
          ]
        },
        "lightOpacity": 0,
        "trailEffect": "none",
        "lifetime": 1,
        "splashDamage": 70,
        "splashDamageRadius": 330,
        "shrinkY": 0,
        "shrinkX": 0,
        "radius": 330,
        "timeIncrease": 14.5,
        "powerDamageScl": 5.5,
        "powerSclDecrease": 0.55,
        "unitDamageScl": 1.2,
        "status": "electrified",
        "statusDuration": 100,
        "speed": 0,
        "width": 0.01,
        "height": 0.01,
        "fragBullets": 30,
        "fragAngle": 20,
        "fragVelocityMin": 1,
        "fragVelocityMax": 1,
        "fragBullet": {
          "shootEffect": "hitEmpSpark",
          "type": "LaserBulletType",
          "length": 300,
          "width": 35,
          "damage": 900,
          "hitEffect": "hitMeltHeal",
          "colors": [
            "98ffa9DA",
            "98ffa9",
            "FFFFFFF"
          ],
          "sideAngle": 25,
          "sideLength": 0,
          "sideWidth": 0
        }
      }
    },
    {
      "type": "RepairBeamWeapon",
      "mirror": true,
      "alternate": false,
      "rotateSpeed": 3,
      "name": "magnapinna-heal",
      "y": -35,
      "x": 28,
      "shootY": 8,
      "reload": 1,
      "recoil": 0,
      "shake": 1,
      "rotate": true,
      "shootSound": "laser",
      "controllable": false,
      "autoTarget": true,
      "beamWidth": 0.9,
      "pulseRadius": 6,
      "pulseStroke": 2,
      "repairSpeed": 7.75,
      "bullet": {
        "shootEffect": "hitEmpSpark",
        "maxRange": 60
      }
    },
    {
      "type": "PointDefenseWeapon",
      "controllable": false,
      "autoTarget": true,
      "targetInterval": 5,
      "targetSwitchInterval": 5,
      "name": "e-point",
      "y": -15,
      "rotate": true,
      "shootY": 4,
      "reload": 2,
      "recoil": 1,
      "shootSound": "lasershoot",
      "bullet": {
        "hitEffect": "pointHit",
        "smokeEffect": "pointHit",
        "maxRange": 100,
        "damage": 40
      }
    },
    {
      "type": "RepairBeamWeapon",
      "mirror": true,
      "alternate": false,
      "rotateSpeed": 3,
      "name": "magnapinna-heal",
      "y": 35,
      "x": 28,
      "shootY": 8,
      "reload": 1,
      "recoil": 0,
      "shake": 1,
      "rotate": true,
      "shootSound": "laser",
      "controllable": false,
      "autoTarget": true,
      "beamWidth": 0.9,
      "pulseRadius": 6,
      "pulseStroke": 2,
      "repairSpeed": 7.75,
      "bullet": {
        "shootEffect": "hitEmpSpark",
        "maxRange": 60
      }
    }
  ],
  "abilities": [
    {
      "type": "EnergyFieldAbility",
      "statusDuration": 100,
      "status": "electrified",
      "color": "98ffa9ff",
      "maxTargets": 50,
      "y": -15,
      "damage": 85,
      "healPercent": 2,
      "range": 175,
      "sectors": 5,
      "rotateSpeed": 3,
      "hitBuildings": true,
      "sectorRad": 0.14,
      "effectRadius": 0,
      "reload": 70
    }
  ]
}
