{
"localizedName": "T3-SS Nemesis",
"description": "The [#bf92f9]Suppresion Support Titan[]. The [#bf92f9]T3-SS Nemesis[] is armed with four frontal cannons which fire helix rounds. fires two large thorium missiles at enemies and structures and posses the ability to suppress nearby regenartion structures and damages units within a certain radius around it. debuffs nearby units.",
"details": "The [#bf92f9]Nemesis[] is a frightning weapon, built with the sole purpose of suppersing enemy fire power and crippling forces within its specilized field, these units tho where often detect far away from any known [#9681fb]Malis[] bases in remote locations seemling searching for something... But what?.",
"type": "flying",
"template": "ErekirUnitType",
"singleTarget": true,
"research": {
"parent": "03-nemesis-titan",
"requirements": [
]
},
"lightRadius": 80,
"fogRadius": 80,
"shadowElevation": 3,
"fallSpeed": 0.006,
"rotateSpeed": 0.7,
"crashDamageMultiplier": 10,
"speed": 0.88,
"accel": 0.4,
"drag": 0.4,
"range": 200,
"faceTarget": true,
"flying": true,
"health": 46500,
"hitSize": 80,
"armor": 20,
"parts": [
{
"type": "RegionPart",
"layer": 110,
"colorTo": "9681fb",
"color": "9681fb",
"outline": false,
"suffix": "-glow1"
},
{
"type": "shapePart",
"y": -16,
"x": 29,
"hollow": true,
"circle": true,
"layer": 110,
"mirror": true,
"color": "a393feff",
"stroke": 1.2,
"strokeTo": 1.2,
"radiusTo": 8,
"radius": 8
},
 {
"type": "shapePart",
"y": -16,
"x": 29,
"hollow": true,
"circle": true,
"layer": 110,
"mirror": true,
"color": "a393feff",
"stroke": 0.5,
"strokeTo": 0.5,
"radiusTo": 5,
"radius": 5
},
{
"type": "HaloPart",
"y": -16,
"x": 29,
"radius": 2,
"tri": true,
"layer": 110,
"color": "a393feff",
"mirror": true,
"haloRotateSpeed": 1.7,
"haloRadius": 5,
"haloRadiusTo": 5,
"stroke": 2,
"strokeTo": 2,
"shapes": 6,
"triLengthTo": 8,
"triLength": 8
},
{
"type": "HaloPart",
"y": -16,
"x": 29,
"radius": 2.6,
"tri": true,
"layer": 110,
"color": "a393feff",
"mirror": true,
"haloRotateSpeed": 0.7,
"haloRadius": 5,
"haloRadiusTo": 5,
"stroke": 2,
"strokeTo": 2,
"shapes": 4,
"triLengthTo": 3,
"triLength": 3
},
{
"type": "HaloPart",
"y": -16,
"x": 29,
"radius": 3,
"tri": true,
"layer": 110,
"color": "a393feff",
"mirror": true,
"haloRotateSpeed": 0.9,
"haloRadius": 8,
"haloRadiusTo": 8,
"stroke": 2,
"strokeTo": 2,
"shapes": 4,
"triLengthTo": 3,
"triLength": 3
}
],
"engineSize": 0,
"lowAltitude": true,
"immunities": [
"blasted",
"wet",
"tarred"
],
"weapons": [
{
"name": "engine",
"x": 33,
"y": -39,
"mirror": true,
"alternate": false,
"top": true,
"display": false,
"rotate": false,
"baseRotation": 180,
"shootY": 10,
"shootSound": "none",
"alwaysShooting": true,
"alwaysContinuous": true,
"continuous": true,
"parentizeEffects": true,
"bullet": {
"type": "ContinuousFlameBulletType",
"colors": ["9681fb50", "9681fb", "bf92f9", "ffffff"],
"damage": 4,
"layer": 110,
"intervalBullets": 2,
"intervalRandomSpread": 1,
"bulletInterval": 2.7,
"intervalBullet": {
"type": "BulletType",
"despawnHit": true,
"despawnEffect": "none",
"shootEffect": "none",
"hitEffect": {
"type":"multiEffect",
"followParent": true,
"rotWithParent": true,
"effects":[
{
"type": "ParticleEffect",
"followParent": true,
"rotWithParent": true,
"line": true,
"layer": 108,
"particles": 1,
"lifetime": 31,
"interp": "circleOut",
"length": 35,
"baseLength": 8,
"cone": 20,
"strokeFrom": 2,
"lenFrom": 10,
"lenTo": 0,
"colorFrom": "9681fb",
"colorTo": "9681fb"
}
]
},
"lifetime": 0,
"instantDisappear": true
},
"drawFlare": false,
"collides": false,
"width": 4,
"divisions": 20,
"length": 27
}
},
{
"name": "engine2",
"x": 53,
"y": -35,
"mirror": true,
"alternate": false,
"top": true,
"display": false,
"rotate": false,
"baseRotation": 224,
"shootY": 14,
"shootSound": "none",
"alwaysShooting": true,
"alwaysContinuous": true,
"continuous": true,
"parentizeEffects": true,
"bullet": {
 "type": "ContinuousFlameBulletType",
"colors": ["9681fb50", "9681fb", "bf92f9", "ffffff"],
"damage": 4,
"layer": 110,
"intervalBullets": 2,
"intervalRandomSpread": 1,
"bulletInterval": 2.7,
"intervalBullet": {
"type": "BulletType",
"despawnHit": true,
"despawnEffect": "none",
"shootEffect": "none",
"hitEffect": {
"type":"multiEffect",
"followParent": true,
"rotWithParent": true,
"effects":[
{
"type": "ParticleEffect",
"followParent": true,
"rotWithParent": true,
"line": true,
"layer": 108,
"particles": 1,
"lifetime": 31,
"interp": "circleOut",
"length": 45,
"baseLength": 8,
"cone": 25,
"strokeFrom": 2,
"lenFrom": 6,
"lenTo": 0,
"colorFrom": "9681fb",
"colorTo": "9681fb"
}
]
},
"lifetime": 0,
"instantDisappear": true
},
"drawFlare": false,
"collides": false,
"width": 5.3,
"divisions": 20,
"length": 20
}
},
{
"name": "big-missile",
"shootCone": 300,
"mirror": true,
"alternate": false,
"top": true,
"baseRotation": -21,
"x": 60,
"y": 8,
"rotate": false,
"layerOffset": -1,
"reload": 230,
"recoil": 3.5,
"parts": [
 {
"type": "RegionPart",
"suffix": "-missile",
"colorTo": "ffffff00",
"color": "ffffff",
"layerOffset": -1,
"under": true,
"outlineLayerOffset": 1,
"moveY": -5,
"progress": "reload"
}
],
"shootSound": "missileLaunch",
"bullet": {
"type": "basicBulletType",
"spawnUnit": "exogenesis-big-thorium-missile"
}
},
{
"name": "nemesis-weapon",
"top": true,
"mirror": false,
"layerOffset": -0.0001,
"y": 0,
"x": 0,
"cooldownTime": 80,
"rotate": false,
"shootY": 0,
"shootX": 0,
"reload": 30,
"recoils": 4,
"recoil": 0,
"shake": 1.5,
"ejectEffect": "none",
"shootSound": "mediumCannon",
"parts": [
{
"type": "RegionPart",
"suffix": "-barrel-1",
"under": true,
"outlineLayerOffset": -0.001,
"recoilIndex": 1,
"progress": "recoil",
"moveY": -3.5
},
{
"type": "RegionPart",
"suffix": "-barrel-2",
"under": true,
"outlineLayerOffset": -0.001,
"recoilIndex": 0,
"progress": "recoil",
"moveY": -3.5
},
{
"type": "RegionPart",
"suffix": "-barrel-3",
"under": true,
"outlineLayerOffset": -0.001,
"recoilIndex": 3,
"progress": "recoil",
"moveY": -3.5
},
{
"type": "RegionPart",
"suffix": "-barrel-4",
"under": true,
"outlineLayerOffset": -0.001,
"recoilIndex": 2,
"progress": "recoil",
"moveY": -3.5
}
],
"shoot": {
"type": "ShootMulti",
"source": {
"type": "ShootBarrel",
"barrels": [
 42, 65, 0,
-42, 65, 0,
 24, 64, 0,
-24, 64, 0
]
},
"dest": [
{
"type": "ShootHelix",
"scl": 2.7, 
"mag": 2,
"shots" : 2
}
]
},
"bullet": { 
"type": "basicBulletType",
"sprite": "missile-large",
"hitEffect": {
"type": "MultiEffect",
"effects": ["sapExplosion", "circleColorSpark"]
},
"intervalBullets": 3,
"intervalRandomSpread": 50,
"intervalBullet": {
"type": "LightningBulletType",
"lightningColor": "a393feff",
"buildingDamageMultiplier": 0.8,
"damage": 78,
"lightningLength": 8
},
"hitColor": "9681fb",
"lifetime": 40,
"speed": 13.5,
"status": "sapped",
"statusDuration": 60,
"width": 15,
"height": 25,
"despawnHit": true,
"shootEffect": {
"type": "MultiEffect",
"effects": ["explosion", "colorSparkBig"]
},
"shrinkY": 0,
"shrinkX": 0,
"damage": 120,
"trailLength": 10,
"trailWidth": 4.5,
"trailColor": "a393feff",
"backColor": "a393feff",
"frontColor": "FFffffFF"
}
}
],
"abilities": [
{
"type": "SuppressionFieldAbility",
"reload": 40,
"range": 150,
"layer": 109,
"y": -16,
"x": 29,
"particles": 15,
"particleSize": 3,
"rotateScl": 7,
"active": true
},
{
"type": "SuppressionFieldAbility",
"reload": 40,
"range": 150,
"layer": 109,
"y": -16,
"x": -29,
"particles": 15,
"particleSize": 3,
"rotateScl": 7,
"active": true
},
{
"type": "RegenAbility",
"amount": 20
},
{
"type": "EnergyFieldAbility",
"color": "a393feff",
"statusDuration": 100,
"status": "sapped",
"maxTargets": 35,
"damage": 25,
"y": 25.5,
"range": 280,
"sectors": 6,
"rotateSpeed": 2,
"sectorRad": 0.11,
"effectRadius": 6.2,
"reload": 45
}
]
}
