{
  "name": "Corona",
  "template": "ErekirUnitType",
  "research": {
    "parent": "soletux-recontructor",
    "research": "soletux-recontructor"
  },
  "type": "mech",
  "armor": 9,
  "hitSize": 13,
  "outlineColor": "252525FF",
  "speed": 1.7,
  "flying": false,
  "health": 1300,
  "range": 120,
  "immunities": [
    "burning",
    "melting"
  ],
  "weapons": [
    {
      "name": "plasma-gun",
      "x": 8,
      "y": 0.5,
      "reload": 28,
      "alternate": true,
      "top": false,
      "mirror": true,
      "shootSound": "laser",
      "ejectEffect": "casing1",
      "bullet": {
        "type": "BasicBulletType",
        "sprite": "circle-bullet",
        "status": "melting",
        "statusDuration": 300,
        "damage": 20,
        "splashDamage": 30,
        "splashDamageRadius": 48,
        "height": 9,
        "width": 9,
        "speed": 6,
        "lifetime": 25,
        "shrinkX": 0,
        "shrinkY": 0,
        "lightColor": "ff7048",
        "hitEffect": {
          "type": "ParticleEffect",
          "particles": 15,
          "length": 26,
          "lifetime": 36,
          "interp": "circleOut",
          "cone": 360,
          "lightColor": "ff7048",
          "colorFrom": "ffcea0",
          "colorTo": "ff7048",
          "sizeFrom": 5,
          "sizeTo": 0
        },
        "smokeEffect": "none",
        "pierce": false,
        "absorbable": false,
        "trailChance": 1,
        "trailEffect": {
          "type": "ParticleEffect",
          "particles": 6,
          "length": 3,
          "baseLength": 3,
          "lifetime": 25,
          "interp": "circleOut",
          "cone": 360,
          "offset": 3,
          "lightColor": "ff7048",
          "colorFrom": "ffcea0",
          "colorTo": "ff7048",
          "sizeFrom": 3,
          "sizeTo": 0
        },
        "shootEffect": {
          "type": "ParticleEffect",
          "particles": 10,
          "length": 40,
          "lifetime": 25,
          "interp": "circleOut",
          "cone": 20,
          "offset": 20,
          "lightColor": "ff7048",
          "colorFrom": "ffcea0",
          "colorTo": "ff7048",
          "sizeFrom": 4,
          "sizeTo": 0
        },
        "backColor": "ff7048",
        "frontColor": "ffcea0"
      }
    }
  ]
}
 
