{
  "research": {
    "parent": "core",
    "objectives": [
      "soletux-module-t2"
    ],
    "requirements": [
      "volcanite/1300",
      "primal-red/600",
      "tungsten/900",
      "beryllium/1300",
      "silicon/1200"
    ]
  },
  "template": "ErekirUnitType",
  "type": "mech",
  "armor": 23,
  "rotateSpeed": 2.0,
  "canDrown": false,
  "mechLegColor": "252525",
  "outlineColor": "252525",
  "hitSize": 50,
  "mechFrontSway": 1.6,
  "mechSideSway": 0.8,
  "mechStepParticles": true,
  "mechLandShake": 5,
  "singleTarget": true,
  "speed": 0.9,
  "health": 66000,
  "range": 200,
  "immunities": [
    "burning",
    "melting",
    "blasted"
  ],
  "weapons": [
    {
      "name": "fusion-weapon",
      "x": 34.6,
      "y": 0,
      "reload": 4,
      "rotationLimit": 40,
      "alternate": true,
      "top": false,
      "recoil": 0,
      "xRand": 3,
      "rotateSpeed": 0.6,
      "rotate": true,
      "layerOffset": -0.001,
      "shake": 2,
      "shoot": {
        "shots": 5
      },
      "inaccuracy": 4,
      "shootY": 25,
      "shootSound": "flame",
      "cooldownTime": 70,
      "bullet": {
        "type": "BasicBulletType",
        "collidesAir": true,
        "status": "exogenesis-molten1",
        "statusDuration": 50,
        "speed": 6,
        "damage": 40,
        "width": 0.1,
        "height": 0.1,
        "shootEffect": {
          "type": "multiEffect",
          "layer": 110,
          "effects": [
            {
              "type": "ParticleEffect",
              "particles": 4,
              "sizeFrom": 6,
              "sizeTo": 1,
              "length": 150,
              "lifetime": 27,
              "interp": "circleOut",
              "sizeInterp": "pow5In",
              "lightColor": "FF5845FF",
              "colorFrom": "FFDCD8FF",
              "colorTo": "FF5845FF",
              "cone": 8
            },
            {
              "type": "ParticleEffect",
              "particles": 4,
              "sizeFrom": 7,
              "sizeTo": 1,
              "length": 160,
              "lifetime": 30,
              "interp": "circleOut",
              "sizeInterp": "pow5In",
              "lightColor": "FF5845FF",
              "colorFrom": "FFDCD8FF",
              "colorTo": "FF5845FF",
              "cone": 10
            },
            {
              "type": "ParticleEffect",
              "particles": 4,
              "sizeFrom": 7,
              "sizeTo": 1.5,
              "length": 170,
              "lifetime": 35,
              "interp": "fastSlow",
              "lightColor": "FF5845FF",
              "colorFrom": "FFDCD8FF",
              "colorTo": "FF5845FF",
              "cone": 10
            },
            {
              "type": "ParticleEffect",
              "particles": 4,
              "sizeFrom": 7,
              "sizeTo": 1.5,
              "length": 180,
              "lifetime": 45,
              "interp": "fastSlow",
              "lightColor": "FF5845FF",
              "colorFrom": "FFDCD8FF",
              "colorTo": "FF5845FF",
              "cone": 8
            }
          ]
        },
        "smokeEffect": {
          "type": "multiEffect",
          "layer": 109,
          "effects": [
            {
              "type": "ParticleEffect",
              "particles": 7,
              "sizeFrom": 6,
              "sizeTo": 1,
              "layer": 99,
              "length": 190,
              "lifetime": 48,
              "lightOpacity": 0,
              "interp": "fastSlow",
              "colorFrom": "FF5845FF",
              "colorTo": "3f3f3fff",
              "cone": 13
            },
            {
              "type": "ParticleEffect",
              "particles": 7,
              "sizeFrom": 7.6,
              "sizeTo": 1,
              "length": 240,
              "layer": 99,
              "lifetime": 59,
              "lightOpacity": 0,
              "interp": "circleOut",
              "sizeInterp": "pow5In",
              "colorFrom": "FF5845FF",
              "colorTo": "3f3f3fff",
              "cone": 10
            }
          ]
        },
        "lifetime": 25,
        "despawnEffect": "none",
        "hittable": false,
        "reflectable": false,
        "hitEffect": {
          "type": "ParticleEffect",
          "line": true,
          "particles": 4,
          "lifetime": 60,
          "offset": 10,
          "interp": "circleOut",
          "length": 70,
          "cone": -30,
          "strokeFrom": 3,
          "strokeTo": 0,
          "lenFrom": 7,
          "lenTo": 0,
          "colorFrom": "FF5845FF",
          "colorTo": "FF5845FF"
        },
        "pierce": true,
        "pierceBuilding": true,
        "incendAmount": 5
      }
    },
    {
      "name": "solar-artillery",
      "x": 28,
      "y": -8,
      "top": true,
      "mirror": true,
      "alternate": true,
      "rotate": true,
      "rotateSpeed": 3,
      "shootY": 8,
      "reload": 10,
      "recoil": 3,
      "shake": 0.5,
      "ejectEffect": "casing2",
      "shootSound": "shootBig",
      "bullet": {
        "type": "basicBulletType",
        "shootEffect": "shootBig2",
        "hitEffect": {
          "type": "ExplosionEffect",
          "waveColor": "FF5845FF",
          "sparkColor": "FF5845FF",
          "smokes": 6,
          "smokeSize": 3.7,
          "smokeSizeBase": 1.6,
          "smokeRad": 26,
          "waveLife": 20,
          "waveStroke": 2.1,
          "waveRad": 25,
          "waveRadBase": 2.0,
          "sparkLen": 6,
          "sparks": 5
        },
        "despawnEffect": {
          "type": "ExplosionEffect",
          "waveColor": "FF5845FF",
          "sparkColor": "FF5845FF",
          "smokes": 6,
          "smokeSize": 3.7,
          "smokeSizeBase": 1.6,
          "smokeRad": 26,
          "waveLife": 20,
          "waveStroke": 2.1,
          "waveRad": 25,
          "waveRadBase": 2.0,
          "sparkLen": 6,
          "sparks": 5
        },
        "lifetime": 50,
        "damage": 80,
        "speed": 6,
        "status": "blasted",
        "statusDuration": 100,
        "width": 12,
        "height": 17,
        "backColor": "FF5845FF",
        "frontColor": "FFC1BBFF"
      }
    },
    {
      "name": "solar-artillery",
      "x": 10,
      "y": -3,
      "top": true,
      "mirror": true,
      "alternate": true,
      "rotate": true,
      "rotateSpeed": 3,
      "shootY": 8,
      "reload": 10,
      "recoil": 3,
      "shake": 0.5,
      "ejectEffect": "casing2",
      "shootSound": "shootBig",
      "bullet": {
        "type": "basicBulletType",
        "shootEffect": "shootBig2",
        "hitEffect": {
          "type": "ExplosionEffect",
          "waveColor": "FF5845FF",
          "sparkColor": "FF5845FF",
          "smokes": 6,
          "smokeSize": 3.7,
          "smokeSizeBase": 1.6,
          "smokeRad": 26,
          "waveLife": 20,
          "waveStroke": 2.1,
          "waveRad": 25,
          "waveRadBase": 2.0,
          "sparkLen": 6,
          "sparks": 5
        },
        "despawnEffect": {
          "type": "ExplosionEffect",
          "waveColor": "FF5845FF",
          "sparkColor": "FF5845FF",
          "smokes": 6,
          "smokeSize": 3.7,
          "smokeSizeBase": 1.6,
          "smokeRad": 26,
          "waveLife": 20,
          "waveStroke": 2.1,
          "waveRad": 25,
          "waveRadBase": 2.0,
          "sparkLen": 6,
          "sparks": 5
        },
        "lifetime": 50,
        "damage": 80,
        "speed": 6,
        "status": "blasted",
        "statusDuration": 100,
        "width": 12,
        "height": 17,
        "backColor": "FF5845FF",
        "frontColor": "FFC1BBFF"
      }
    }
  ]
}
