{
  "name": "Magma",
  "template": "ErekirUnitType",
  "research": {
    "parent": "soletux-rebuilder",
    "research": "soletux-rebuilder"
  },
  "outlineColor": "252525FF",
  "armor": 15,
  "type": "tank",
  "faceTarget": false,
  "squareShape": true,
  "treadFrames": 18,
  "treadPullOffset": 5,
  "treadRects": [
    {
      "x": 16,
      "y": -56,
      "width": 24,
      "height": 112
    }
  ],
  "singleTarget": false,
  "omniMovement": false,
  "rotateMoveFirst": true,
  "rotateSpeed": 1.8,
  "hitSize": 24,
  "speed": 0.73,
  "health": 5300,
  "immunities": [
    "melting",
    "blasted",
    "burning"
  ],
  "weapons": [
    {
      "name": "magma-weapon",
      "layerOffset": 1,
      "reload": 30,
      "mirror": false,
      "top": true,
      "x": 0,
      "y": 0,
      "shootY": 16,
      "shake": 2,
      "rotate": true,
      "rotateSpeed": 5,
      "recoils": 2,
      "parts": [
        {
          "type": "RegionPart",
          "suffix": "-barrel-l",
          "under": true,
          "mirror": false,
          "moveY": -4,
          "progress": "recoil",
          "recoilIndex": 1,
          "heatProgress": {
            "type": "recoil",
            "op": "blend",
            "amount": 0,
            "other": 0,
            "recoilIndex": 1
          }
        },
        {
          "type": "RegionPart",
          "suffix": "-barrel-r",
          "under": true,
          "mirror": false,
          "moveY": -4,
          "progress": "recoil",
          "recoilIndex": 0,
          "heatProgress": {
            "type": "recoil",
            "op": "blend",
            "amount": 0,
            "other": 0,
            "recoilIndex": 0
          }
        }
      ],
      "shoot": {
        "type": "ShootMulti",
        "source": {
          "type": "ShootAlternate",
          "barrels": 2,
          "shots": 1,
          "spread": 10
        },
        "dest": [
          {
            "type": "ShootSpread",
            "shots": 3,
            "spread": 7
          }
        ]
      },
      "shootSound": "shotgun",
      "shootCone": 45,
      "bullet": {
        "keepVelocity": false,
        "status": "melting",
        "damage": 40,
        "width": 18,
        "type": "ShrapnelBulletType",
        "lifetime": 20,
        "length": 96,
        "hitEffect": {
          "type": "ParticleEffect",
          "line": true,
          "particles": 7,
          "lifetime": 15,
          "length": 25,
          "cone": -360,
          "lenFrom": 5,
          "lenTo": 0,
          "colorFrom": "ffcea0",
          "colorTo": "ff7048"
        },
        "serrations": 6,
        "serrationSpacing": 3,
        "fromColor": "ffcea0",
        "toColor": "ff7048",
        "despawnEffect": "none",
        "shootEffect": "none",
        "smokeEffect": "none"
      }
    }
  ]
}