{
  "localizedName": "Molten",
  "outlineColor": "252525FF",
  "template": "ErekirUnitType",
  "research": {
    "parent": "soletux-recontructor",
    "research": "soletux-recontructor"
  },
  "type": "tank",
  "faceTarget": false,
  "squareShape": true,
  "treadFrames": 18,
  "treadPullOffset": 3,
  "treadRects": [
    {
      "x": 13,
      "y": -38,
      "width": 17,
      "height": 76
    }
  ],
  "singleTarget": false,
  "omniMovement": false,
  "rotateMoveFirst": true,
  "rotateSpeed": 1.8,
  "armor": 12,
  "hitSize": 18,
  "rotateShooting": false,
  "speed": 0.8,
  "flying": false,
  "health": 2400,
  "immunities": [
    "melting",
    "blasted",
    "burning"
  ],
  "weapons": [
    {
      "name": "molten-weapon",
      "x": 0,
      "y": 0,
      "mirror": false,
      "top": true,
      "recoil": 0,
      "rotate": true,
      "shootY": 0,
      "rotateSpeed": 3,
      "shootSound": "torch",
      "alwaysContinuous": true,
      "parts": [
        {
          "type": "RegionPart",
          "suffix": "-glow",
          "layer": -1,
          "mirror": true,
          "blending": "additive",
          "color": "ff2302",
          "colorTo": "ff2302",
          "outline": false,
          "progress": "warmup"
        }
      ],
      "continuous": true,
      "bullet": {
        "type": "ContinuousFlameBulletType",
        "colors": [
          "ed1e27aa",
          "d70a0a90",
          "ff7048",
          "ffcea0",
          "FFFFFFFF"
        ],
        "damage": 9,
        "flareWidth": 4.5,
        "flareLength": 28,
        "flareColor": "ff7048",
        "width": 4,
        "hitEffect": {
          "type": "ParticleEffect",
          "line": true,
          "particles": 7,
          "lifetime": 15,
          "length": 80,
          "cone": -360,
          "strokeFrom": 2.5,
          "strokeTo": 0,
          "lenFrom": 8,
          "lenTo": 0,
          "colorFrom": "ffcea0",
          "colorTo": "d70a0a"
        },
        "divisions": 20,
        "length": 96,
        "drawSize": 350,
        "lifetime": 220,
        "status": "melting",
        "pierceCap": 4,
        "statusDuration": 150
      }
    }
  ]
}





