{
  "research": {
    "type": "tank",
    "template": "ErekirUnitType",
    "faceTarget": false,
    "squareShape": true,
    "treadFrames": 18,
    "treadPullOffset": 8,
    "treadRects": [
      {
        "x": 34,
        "width": 10,
        "height": 34
      }
    ],
    "singleTarget": false,
    "omniMovement": false,
    "rotateSpeed": 1,
    "outlineColor": "313131FF",
    "speed": 0.43,
    "hitSize": 68,
    "health": 70000,
    "armor": 34,
    "flying": false,
    "targetAir": true,
    "immunities": [
      "burning",
      "melting",
      "exogenesis-molten1",
      "blasted"
    ],
    "weapons": [
      {
        "name": "volcanic-weapon",
        "x": 0,
        "y": 0,
        "ejectEffect": "casing3",
        "mirror": true,
        "alternate": true,
        "top": true,
        "rotate": true,
        "layerOffset": 3,
        "rotateSpeed": 2.5,
        "shake": 6,
        "shootX": 9,
        "shootY": 50,
        "reload": 65,
        "recoil": 4,
        "shootSound": "powerfulblast",
        "bullet": {
          "type": "basicBulletType",
          "sprite": "exogenesis-gauss-bullet",
          "status": "exogenesis-molten1",
          "damage": 2000,
          "pierceBuilding": true,
          "pierceCap": 2,
          "height": 26,
          "width": 26,
          "speed": 17,
          "lifetime": 30,
          "smokeEffect": {
            "type": "multiEffect",
            "effects": [
              {
                "type": "ParticleEffect",
                "line": true,
                "particles": 8,
                "lifetime": 40,
                "interp": "circleOut",
                "offset": 30,
                "cone": 30,
                "length": 60,
                "lightColor": "FF5845FF",
                "strokeFrom": 4,
                "strokeTo": 0,
                "lenFrom": 6,
                "lenTo": 6,
                "colorFrom": "FFDCD8FF",
                "colorTo": "FF5845FF"
              }
            ]
          },
          "hitEffect": {
            "type": "multiEffect",
            "effects": [
              {
                "type": "ParticleEffect",
                "particles": 20,
                "length": 65,
                "baseLength": 20,
                "lifetime": 120,
                "lightColor": "FF5845FF",
                "interp": "circleOut",
                "sizeInterp": "pow5In",
                "cone": 360,
                "colorFrom": "FF5845FF",
                "colorTo": "3f3f3fff",
                "sizeFrom": 10,
                "sizeTo": 0
              },
              {
                "type": "ParticleEffect",
                "line": true,
                "particles": 25,
                "lifetime": 40,
                "interp": "circleOut",
                "offset": 30,
                "length": 80,
                "lightColor": "FF5845FF",
                "strokeFrom": 4,
                "strokeTo": 0,
                "lenFrom": 10,
                "lenTo": 10,
                "colorFrom": "FFDCD8FF",
                "colorTo": "FF5845FF"
              },
              {
                "type": "ParticleEffect",
                "line": true,
                "particles": 25,
                "lifetime": 40,
                "interp": "circleOut",
                "offset": 30,
                "cone": 30,
                "length": 90,
                "lightColor": "FF5845FF",
                "strokeFrom": 4,
                "strokeTo": 0,
                "lenFrom": 10,
                "lenTo": 10,
                "colorFrom": "FFDCD8FF",
                "colorTo": "FF5845FF"
              },
              {
                "type": "ParticleEffect",
                "particles": 15,
                "length": 65,
                "baseLength": 20,
                "lifetime": 100,
                "lightColor": "FF5845FF",
                "interp": "circleOut",
                "sizeInterp": "pow5In",
                "cone": 360,
                "colorFrom": "FF5845FF",
                "colorTo": "FF5845ff",
                "sizeFrom": 7,
                "sizeTo": 0
              },
              {
                "type": "WaveEffect",
                "lifetime": 20,
                "sizeFrom": 20,
                "sizeTo": 80,
                "strokeFrom": 4,
                "strokeTo": 0,
                "lightColor": "FF5845FF",
                "colorFrom": "FFDCD8FF",
                "colorTo": "FF5845FF"
              }
            ]
          },
          "despawnHit": true,
          "shootEffect": {
            "type": "multiEffect",
            "followParent": true,
            "rotWithParent": true,
            "effects": [
              {
                "type": "ParticleEffect",
                "particles": 1,
                "lifetime": 10,
                "length": 0,
                "region": "exogenesis-tall",
                "sizeFrom": 42,
                "sizeTo": 0,
                "colorFrom": "FF5845FF",
                "colorTo": "FF5845FF"
              }
            ]
          },
          "trailParam": 5,
          "trailLength": 19,
          "trailWidth": 5,
          "trailEffect": "none",
          "trailColor": "FF5845FF",
          "backColor": "FF5845FF",
          "frontColor": "FFDCD8FF",
          "fragBullets": 10,
          "fragVelocityMin": 4,
          "fragLifeMin": 0.3,
          "fragBullet": {
            "type": "BasicBulletType",
            "status": "melting",
            "height": 12,
            "width": 12,
            "lifetime": 20,
            "damage": 50,
            "backColor": "FF5845FF",
            "frontColor": "FFDCD8FF",
            "pierce": true,
            "pierceBuilding": true,
            "splashDamage": 50,
            "splashDamageRadius": 25,
            "hitEffect": "flakExplosion"
          }
        }
      },
      {
        "name": "volcanic-body",
        "x": 0,
        "y": 0,
        "mirror": false,
        "top": true,
        "layerOffset": 4,
        "shootY": 31,
        "reload": 65,
        "rotate": true,
        "rotateSpeed": 2.5,
        "recoil": 0,
        "shootSound": "none",
        "bullet": {
          "type": "basicBulletType",
          "damage": 0,
          "height": 0.001,
          "width": 0.001,
          "speed": 7,
          "lifetime": 65,
          "hitEffect": "none",
          "despawnEffect": "none",
          "shootEffect": "none",
          "trailEffect": "none"
        }
      },
      {
        "name": "volcanic-mount",
        "top": true,
        "mirror": true,
        "alternate": false,
        "x": 26,
        "y": 9,
        "layerOffset": 2,
        "controllable": false,
        "autoTarget": true,
        "shoot": {
          "shots": 2
        },
        "rotate": true,
        "rotateSpeed": 2,
        "inaccuracy": 3,
        "shootY": 8,
        "reload": 5,
        "recoil": 0,
        "shootSound": "flame",
        "bullet": {
          "type": "BasicBulletType",
          "collidesAir": true,
          "status": "exogenesis-molten1",
          "statusDuration": 50,
          "speed": 3.5,
          "damage": 20,
          "width": 0.1,
          "height": 0.1,
          "shootEffect": {
            "type": "multiEffect",
            "layer": 110,
            "effects": [
              {
                "type": "ParticleEffect",
                "particles": 3,
                "sizeFrom": 4,
                "sizeTo": 1,
                "length": 90,
                "lifetime": 25,
                "interp": "circleOut",
                "sizeInterp": "pow5In",
                "lightColor": "FF5845FF",
                "colorFrom": "FFDCD8FF",
                "colorTo": "FF5845FF",
                "cone": 10
              },
              {
                "type": "ParticleEffect",
                "particles": 3,
                "sizeFrom": 4,
                "sizeTo": 1,
                "length": 70,
                "lifetime": 25,
                "interp": "circleOut",
                "sizeInterp": "pow5In",
                "lightColor": "FF5845FF",
                "colorFrom": "FFDCD8FF",
                "colorTo": "FF5845FF",
                "cone": 15
              },
              {
                "type": "ParticleEffect",
                "particles": 4,
                "sizeFrom": 5,
                "sizeTo": 1.5,
                "length": 70,
                "lifetime": 25,
                "interp": "fastSlow",
                "lightColor": "FF5845FF",
                "colorFrom": "FFDCD8FF",
                "colorTo": "FF5845FF",
                "cone": 15
              },
              {
                "type": "ParticleEffect",
                "particles": 3,
                "sizeFrom": 3,
                "sizeTo": 1.5,
                "length": 80,
                "lifetime": 35,
                "interp": "fastSlow",
                "lightColor": "FF5845FF",
                "colorFrom": "FFDCD8FF",
                "colorTo": "FF5845FF",
                "cone": 10
              }
            ]
          },
          "smokeEffect": {
            "type": "multiEffect",
            "layer": 109,
            "effects": [
              {
                "type": "ParticleEffect",
                "particles": 4,
                "sizeFrom": 4,
                "sizeTo": 1,
                "length": 100,
                "lifetime": 45,
                "lightOpacity": 0,
                "interp": "fastSlow",
                "colorFrom": "FF5845FF",
                "colorTo": "3f3f3fff",
                "cone": 15
              },
              {
                "type": "ParticleEffect",
                "particles": 4,
                "sizeFrom": 5,
                "sizeTo": 1,
                "length": 110,
                "lifetime": 55,
                "lightOpacity": 0,
                "interp": "circleOut",
                "sizeInterp": "pow5In",
                "colorFrom": "FF5845FF",
                "colorTo": "3f3f3fff",
                "cone": 10
              }
            ]
          },
          "lifetime": 26,
          "despawnEffect": "none",
          "hittable": false,
          "reflectable": false,
          "hitEffect": {
            "type": "ParticleEffect",
            "line": true,
            "particles": 4,
            "lifetime": 60,
            "offset": 10,
            "interp": "circleOut",
            "length": 70,
            "cone": -30,
            "strokeFrom": 1.5,
            "strokeTo": 0,
            "lenFrom": 5,
            "lenTo": 0,
            "colorFrom": "FF5845FF",
            "colorTo": "FF5845FF"
          },
          "pierce": true,
          "pierceCap": 3,
          "pierceBuilding": true,
          "incendAmount": 2
        }
      },
      {
        "name": "volcanic-mount",
        "top": true,
        "mirror": true,
        "alternate": false,
        "layerOffset": 2,
        "x": 26,
        "y": -24,
        "autoTarget": true,
        "shoot": {
          "shots": 2
        },
        "rotate": true,
        "rotateSpeed": 2,
        "inaccuracy": 3,
        "shootY": 8,
        "reload": 5,
        "recoil": 0,
        "shootSound": "flame",
        "bullet": {
          "type": "BasicBulletType",
          "collidesAir": true,
          "status": "exogenesis-molten1",
          "statusDuration": 50,
          "speed": 3.5,
          "damage": 20,
          "width": 0.1,
          "height": 0.1,
          "shootEffect": {
            "type": "multiEffect",
            "layer": 110,
            "effects": [
              {
                "type": "ParticleEffect",
                "particles": 3,
                "sizeFrom": 4,
                "sizeTo": 1,
                "length": 90,
                "lifetime": 25,
                "interp": "circleOut",
                "sizeInterp": "pow5In",
                "lightColor": "FF5845FF",
                "colorFrom": "FFDCD8FF",
                "colorTo": "FF5845FF",
                "cone": 10
              },
              {
                "type": "ParticleEffect",
                "particles": 3,
                "sizeFrom": 4,
                "sizeTo": 1,
                "length": 70,
                "lifetime": 25,
                "interp": "circleOut",
                "sizeInterp": "pow5In",
                "lightColor": "FF5845FF",
                "colorFrom": "FFDCD8FF",
                "colorTo": "FF5845FF",
                "cone": 15
              },
              {
                "type": "ParticleEffect",
                "particles": 4,
                "sizeFrom": 5,
                "sizeTo": 1.5,
                "length": 70,
                "lifetime": 25,
                "interp": "fastSlow",
                "lightColor": "FF5845FF",
                "colorFrom": "FFDCD8FF",
                "colorTo": "FF5845FF",
                "cone": 15
              },
              {
                "type": "ParticleEffect",
                "particles": 3,
                "sizeFrom": 3,
                "sizeTo": 1.5,
                "length": 80,
                "lifetime": 35,
                "interp": "fastSlow",
                "lightColor": "FF5845FF",
                "colorFrom": "FFDCD8FF",
                "colorTo": "FF5845FF",
                "cone": 10
              }
            ]
          },
          "smokeEffect": {
            "type": "multiEffect",
            "layer": 109,
            "effects": [
              {
                "type": "ParticleEffect",
                "particles": 4,
                "sizeFrom": 4,
                "sizeTo": 1,
                "length": 100,
                "lifetime": 45,
                "lightOpacity": 0,
                "interp": "fastSlow",
                "colorFrom": "FF5845FF",
                "colorTo": "3f3f3fff",
                "cone": 15
              },
              {
                "type": "ParticleEffect",
                "particles": 4,
                "sizeFrom": 5,
                "sizeTo": 1,
                "length": 110,
                "lifetime": 55,
                "lightOpacity": 0,
                "interp": "circleOut",
                "sizeInterp": "pow5In",
                "colorFrom": "FF5845FF",
                "colorTo": "3f3f3fff",
                "cone": 10
              }
            ]
          },
          "lifetime": 26,
          "despawnEffect": "none",
          "hittable": false,
          "reflectable": false,
          "hitEffect": {
            "type": "ParticleEffect",
            "line": true,
            "particles": 4,
            "lifetime": 60,
            "offset": 10,
            "interp": "circleOut",
            "length": 70,
            "cone": -30,
            "strokeFrom": 1.5,
            "strokeTo": 0,
            "lenFrom": 5,
            "lenTo": 0,
            "colorFrom": "FF5845FF",
            "colorTo": "FF5845FF"
          },
          "pierce": true,
          "pierceCap": 3,
          "pierceBuilding": true,
          "incendAmount": 2
        }
      }
    ]
  }
}
